0,mint,49452947,461600000000,462576588250
1,burn,5212278,461600000000,461774646622
2,mint,1262729957,461600000000,461064120835
3,burn,380631435,461600000000,461607447244
4,mint,76508461,461600000000,462216505126
5,burn,9181365451,461600000000,461804071980
6,mint,13761151989,461600000000,461107631015
7,burn,361557253,461600000000,461049110571
8,mint,285098273,461600000000,461343383653
9,burn,14302523,461600000000,461097701032
10,mint,18200756,461600000000,461386782120
11,burn,350531056,461600000000,461932987896
12,mint,181726644,461600000000,461555114292
13,burn,1439097,461600000000,461484799779
14,mint,41494272,461600000000,461844116546
15,burn,3179287772,461600000000,462217401802
16,mint,11865995,461600000000,461756967467
17,burn,4240292,461600000000,461262765143
18,mint,92419121704,461600000000,461349342756
19,burn,384792207,461600000000,462195208337
20,mint,3988355,461600000000,461493361372
21,burn,15863860740,461600000000,461858207694
22,mint,5536350214,461600000000,461772855456
23,burn,132111304,461600000000,461642544202
24,mint,1430422,461600000000,461313658057
25,burn,2912018035,461600000000,462354046438
26,mint,4281142034,461600000000,461657866773
27,burn,10759935886,461600000000,462490868443
28,mint,5402101175,461600000000,461146758121
29,burn,9647207437,461600000000,460988614890
30,mint,48107139949,461600000000,460874367985
31,burn,442957831,461600000000,461595587420
32,mint,2941110,461600000000,461311084548
33,burn,1213989,461600000000,461419547240
34,mint,309741906,461600000000,461318762205
35,burn,121145137,461600000000,462148042112
36,mint,284944760,461600000000,461791550558
37,burn,20192048,461600000000,462036238456
38,mint,85403698714,461600000000,461122438214
39,burn,3267717947,461600000000,461859340903
40,mint,15236482673,461600000000,461283441971
41,burn,91638751,461600000000,460832866090
42,mint,2034039203,461600000000,462502974226
43,burn,75837316278,461600000000,461553624147
44,mint,57382018,461600000000,461195077981
45,burn,15493639,461600000000,461100561701
46,mint,26589433,461600000000,461779832606
47,burn,42566484482,461600000000,461384509293
48,mint,4618457399,461600000000,461844811607
49,burn,47553080361,461600000000,461579764412
50,mint,1121988,461600000000,461896260047
51,burn,38380333,461600000000,461644333469
52,mint,14062589,461600000000,461770029992
53,burn,36545484006,461600000000,462288612697
54,mint,397331593,461600000000,461928330985
55,burn,68889560138,461600000000,461783414215
56,mint,46617062497,461600000000,462104507339
57,burn,70895896818,461600000000,462208304402
58,mint,12617527,461600000000,461140185715
59,burn,313347741,461600000000,461463117390
60,mint,5598119540,461600000000,461402477895
61,burn,605772707,461600000000,461125598203
62,mint,1114286,461600000000,461417857704
63,burn,3638644,461600000000,460553739606
64,mint,2401259680,461600000000,461307408252
65,burn,268151391,461600000000,461300110421
66,mint,31738195702,461600000000,461325455382
67,burn,3927074942,461600000000,461303747926
68,mint,124712319,461600000000,462271053397
69,burn,29209675010,461600000000,461585122741
70,mint,4352550088,461600000000,462208126802
71,burn,56886142763,461600000000,461843649480
72,mint,10404677721,461600000000,461926844555
73,burn,153061040,461600000000,461312363826
74,mint,18844595656,461600000000,461164201566
75,burn,152836701,461600000000,462022277149
76,mint,96629616,461600000000,461826731192
77,burn,532445893,461600000000,461587616095
78,mint,4138136,461600000000,461503540793
79,burn,9127086592,461600000000,461775945069
80,mint,4337298,461600000000,461436382655
81,burn,541548760,461600000000,461586003609
82,mint,44694847,461600000000,461063503976
83,burn,72758730732,461600000000,461629854695
84,mint,4812346,461600000000,461222848104
85,burn,24602902,461600000000,460991992659
86,mint,1205113,461600000000,461988497073
87,burn,24004313,461600000000,461572125144
88,mint,33088300857,461600000000,461037144822
89,burn,4831565,461600000000,461202480302
90,mint,44777942335,461600000000,460723767653
91,burn,22633803,461600000000,461665950040
92,mint,230409986,461600000000,461052479726
93,burn,2548338719,461600000000,461786727666
94,mint,4051177301,461600000000,461566051708
95,burn,48144501117,461600000000,461574488374
96,mint,18160467023,461600000000,461985668123
97,burn,55385469,461600000000,461579369532
98,mint,6805209,461600000000,462382983181
99,burn,97597663709,461600000000,460839385354
100,mint,1509074837,461600000000,461700154911
101,burn,15632673350,461600000000,461635666849
102,mint,62841801,461600000000,462213402593
103,burn,37791987,461600000000,461373972852
104,mint,5474243028,461600000000,461747231887
105,burn,42941205,461600000000,460759309945
106,mint,751832859,461600000000,461510561051
107,burn,38850542,461600000000,462150685796
108,mint,81292758972,461600000000,462169376582
109,burn,67872455376,461600000000,461330566658
110,mint,6786173085,461600000000,461755060868
111,burn,255960079,461600000000,461466572934
112,mint,6895114801,461600000000,461783704902
113,burn,121764564,461600000000,461330244521
114,mint,73996890408,461600000000,461806398302
115,burn,1160205,461600000000,461436752330
116,mint,2728191707,461600000000,461877125593
117,burn,7855909,461600000000,461666769115
118,mint,17130293878,461600000000,460506631535
119,burn,46597065559,461600000000,461160046052
120,mint,504061346,461600000000,461333702333
121,burn,35631091996,461600000000,461460885185
122,mint,190777651,461600000000,461188079654
123,burn,5257461691,461600000000,461634186005
124,mint,40600739,461600000000,460972400983
125,burn,916314661,461600000000,461201158063
126,mint,72881632753,461600000000,461268004888
127,burn,21687608,461600000000,462323724028
128,mint,41591132323,461600000000,460570605456
129,burn,772526717,461600000000,461759760309
130,mint,28038855772,461600000000,461259629331
131,burn,23682009,461600000000,461599448327
132,mint,35176711,461600000000,461494229167
133,burn,1563502118,461600000000,461737451835
134,mint,1927209,461600000000,462155995765
135,burn,82463708,461600000000,462300984876
136,mint,46515751,461600000000,462200653901
137,burn,50031235,461600000000,461232391526
138,mint,24898476,461600000000,461465953423
139,burn,99287339,461600000000,461372619028
140,mint,6473643274,461600000000,460783243972
141,burn,7940899,461600000000,462102078058
142,mint,14628356,461600000000,461458873043
143,burn,350269364,461600000000,461800565429
144,mint,3336537,461600000000,462268170697
145,burn,42223752,461600000000,461931432789
146,mint,41710263,461600000000,461528960389
147,burn,163577098,461600000000,461981105270
148,mint,26896724,461600000000,461621285950
149,burn,29288403,461600000000,461418186963
150,mint,2888280635,461600000000,461006427319
151,burn,3703212,461600000000,462432410256
152,mint,6874366215,461600000000,461384292797
153,burn,81007640,461600000000,461831108118
154,mint,5801896191,461600000000,461304201450
155,burn,1456121797,461600000000,461276984510
156,mint,10037190,461600000000,461519365710
157,burn,142500767,461600000000,461993409674
158,mint,46027211,461600000000,461375115146
159,burn,21456614,461600000000,461287134826
160,mint,3164700,461600000000,461673161285
161,burn,608621907,461600000000,460926686870
162,mint,40889098,461600000000,461122458358
163,burn,1686329013,461600000000,461899493759
164,mint,1008869200,461600000000,461250456852
165,burn,26003999,461600000000,461865150950
166,mint,2738090,461600000000,461546521007
167,burn,1183930103,461600000000,462042486046
168,mint,83325302438,461600000000,461382799455
169,burn,787861399,461600000000,462297026504
170,mint,10158220909,461600000000,462210092408
171,burn,2127359,461600000000,461442891443
172,mint,1844179470,461600000000,461912743166
173,burn,4114843,461600000000,461600050219
174,mint,1402128560,461600000000,461445371213
175,burn,551639911,461600000000,462044604132
176,mint,1070917636,461600000000,461929724556
177,burn,26643062,461600000000,462372542372
178,mint,1552148867,461600000000,461404992887
179,burn,90217565612,461600000000,461034332562
180,mint,13646581465,461600000000,461547412506
181,burn,468717511,461600000000,461830731709
182,mint,4046399615,461600000000,461165282555
183,burn,214539069,461600000000,461254590148
184,mint,1708007,461600000000,460672520803
185,burn,10822175,461600000000,461863809145
186,mint,224215285,461600000000,460909488533
187,burn,885930723,461600000000,461805728763
188,mint,1659297,461600000000,461121727905
189,burn,911711521,461600000000,461106350095
190,mint,924879200,461600000000,461106058770
191,burn,10911548,461600000000,461355362951
192,mint,17790538672,461600000000,461370382755
193,burn,455066076,461600000000,460828392463
194,mint,300044862,461600000000,461742525508
195,burn,130417689,461600000000,462013766794
196,mint,13719563496,461600000000,461130539154
197,burn,17368659801,461600000000,461569491331
198,mint,5465573,461600000000,461390497783
199,burn,13376005,461600000000,461250686854
200,mint,38723717,461600000000,462035681883
201,burn,1073067441,461600000000,461233455078
202,mint,394603384,461600000000,461548778819
203,burn,46296401,461600000000,460498104312
204,mint,197680989,461600000000,460824787303
205,burn,882259058,461600000000,461155148609
206,mint,32601106,461600000000,461515153872
207,burn,3711609374,461600000000,461176331281
208,mint,48395872005,461600000000,460871916527
209,burn,47490103,461600000000,461826178832
210,mint,7060110355,461600000000,461851971519
211,burn,49604202685,461600000000,461664438974
212,mint,71595279,461600000000,461566381756
213,burn,1492819126,461600000000,462067441988
214,mint,5553394942,461600000000,461459096991
215,burn,55432072627,461600000000,461934029158
216,mint,10185653,461600000000,461497733647
217,burn,23624196186,461600000000,461460624271
218,mint,14305371,461600000000,461821012498
219,burn,11721670992,461600000000,461333233893
220,mint,32197284823,461600000000,461808447642
221,burn,894902281,461600000000,461363377758
222,mint,6082613,461600000000,461114240310
223,burn,66473403,461600000000,461919758325
224,mint,4905654,461600000000,461091017418
225,burn,6355974,461600000000,462072576354
226,mint,73148456571,461600000000,461074914355
227,burn,4857106916,461600000000,461684503721
228,mint,1396150,461600000000,462014058532
229,burn,10045933,461600000000,462085322756
230,mint,12127877506,461600000000,461609676620
231,burn,7484615321,461600000000,462025937063
232,mint,1040480766,461600000000,461949319963
233,burn,1381821399,461600000000,461854670835
234,mint,4616424,461600000000,462362708200
235,burn,224661944,461600000000,461933459053
236,mint,5839135,461600000000,462161021643
237,burn,40716761967,461600000000,460917876089
238,mint,14902704,461600000000,461280185338
239,burn,787658844,461600000000,461763793228
240,mint,2853973,461600000000,461901274821
241,burn,12828719,461600000000,461492953506
242,mint,1843296,461600000000,461536596708
243,burn,2525470437,461600000000,461517212019
244,mint,8980034474,461600000000,462231249481
245,burn,1620545,461600000000,461121867876
246,mint,46631152,461600000000,460824104359
247,burn,2829763083,461600000000,461202613127
248,mint,801525337,461600000000,461489543958
249,burn,9623632,461600000000,462020074627
250,mint,5748852,461600000000,461555979355
251,burn,12278427,461600000000,461900397370
252,mint,564699790,461600000000,461054967830
253,burn,1569305,461600000000,461216145390
254,mint,17585060,461600000000,461869952926
255,burn,257592458,461600000000,461999424084
256,mint,15821314,461600000000,461154143867
257,burn,9020290,461600000000,461291206089
258,mint,34534714,461600000000,461688369539
259,burn,48399442,461600000000,461633169968
260,mint,159133368,461600000000,461584325156
261,burn,556342020,461600000000,460910496429
262,mint,40260154027,461600000000,461073927936
263,burn,21369828,461600000000,461693278391
264,mint,295380601,461600000000,461667641554
265,burn,46786557284,461600000000,462273619608
266,mint,85632154,461600000000,461557363559
267,burn,24908040,461600000000,461790176240
268,mint,56157724,461600000000,461660402221
269,burn,65306644,461600000000,461350914064
270,mint,337899119,461600000000,461860312005
271,burn,2570427253,461600000000,461164814452
272,mint,68861859,461600000000,461699992927
273,burn,28004397,461600000000,461701720306
274,mint,2252950835,461600000000,461186273120
275,burn,109930289,461600000000,460709033313
276,mint,1408779,461600000000,461626232808
277,burn,5674087354,461600000000,461139627266
278,mint,64096861,461600000000,461183312343
279,burn,1234568845,461600000000,461894269013
280,mint,787929321,461600000000,461388977948
281,burn,700322111,461600000000,461593457752
282,mint,1247057971,461600000000,461119877955
283,burn,79972280928,461600000000,462159352658
284,mint,99283412946,461600000000,461958131444
285,burn,36252983933,461600000000,461132350080
286,mint,4963944070,461600000000,461354495429
287,burn,95611331,461600000000,461103566360
288,mint,2115363,461600000000,461452867611
289,burn,1611194633,461600000000,460983960794
290,mint,18727959,461600000000,462002535140
291,burn,1935225393,461600000000,461552109965
292,mint,431175564,461600000000,461994123168
293,burn,1509440,461600000000,461710526713
294,mint,23877131416,461600000000,461918377625
295,burn,1667764,461600000000,461480495943
296,mint,26913403620,461600000000,461445711580
297,burn,16156471,461600000000,461956596177
298,mint,2185648,461600000000,461810563487
299,burn,16860352,461600000000,462105623480
300,mint,2307107995,461600000000,461756637904
301,burn,1436661,461600000000,461472793530
302,mint,44139278,461600000000,461859812611
303,burn,5566968451,461600000000,461255608284
304,mint,2005448,461600000000,461658677671
305,burn,1508856775,461600000000,461740769721
306,mint,3477636,461600000000,462072757456
307,burn,3108111646,461600000000,461656423495
308,mint,3917211,461600000000,461321764733
309,burn,17087035,461600000000,460850858507
310,mint,1361365,461600000000,461395464187
311,burn,1406154849,461600000000,461799045813
312,mint,21528285217,461600000000,461737326784
313,burn,2456529,461600000000,460734913653
314,mint,309834223,461600000000,461854646522
315,burn,36503064,461600000000,461012043937
316,mint,7416077644,461600000000,461940113748
317,burn,4485334426,461600000000,461723023491
318,mint,771138242,461600000000,461648523938
319,burn,62111799734,461600000000,462208524061
320,mint,2444406,461600000000,461728682050
321,burn,95608003613,461600000000,461804816702
322,mint,14707748,461600000000,462174600231
323,burn,15212379,461600000000,461408344414
324,mint,19867240120,461600000000,461159949898
325,burn,208326527,461600000000,461001866957
326,mint,186059677,461600000000,462126334069
327,burn,6758659,461600000000,461040165252
328,mint,1623906,461600000000,462475261142
329,burn,27933174,461600000000,461515396155
330,mint,240723456,461600000000,461468306201
331,burn,3228793,461600000000,462057175351
332,mint,424919649,461600000000,461928171911
333,burn,35578463,461600000000,461037831809
334,mint,102520818,461600000000,461439678877
335,burn,8882895034,461600000000,461787182237
336,mint,201368869,461600000000,461313135871
337,burn,13367543,461600000000,461486888015
338,mint,4188599,461600000000,461223111730
339,burn,2696300196,461600000000,461957267996
340,mint,46847188,461600000000,462118993718
341,burn,2190825117,461600000000,460730760471
342,mint,8226713067,461600000000,461909968939
343,burn,1411851884,461600000000,461594056826
344,mint,34006909,461600000000,461239275452
345,burn,1858336,461600000000,461519299324
346,mint,125900004,461600000000,461856750854
347,burn,3775695,461600000000,462499051268
348,mint,68969687118,461600000000,461477619854
349,burn,4234072360,461600000000,461087897731
350,mint,14648286,461600000000,462141079956
351,burn,66378310,461600000000,461814777234
352,mint,33533950690,461600000000,461125649437
353,burn,285271738,461600000000,461771043003
354,mint,2036559594,461600000000,461795280883
355,burn,11747490552,461600000000,461048651849
356,mint,1331428,461600000000,462370901445
357,burn,1116653800,461600000000,462621663765
358,mint,25873762664,461600000000,461785420951
359,burn,29008417198,461600000000,461143924562
360,mint,1758264385,461600000000,462122963681
361,burn,109642763,461600000000,461765837351
362,mint,213255813,461600000000,461533054281
363,burn,47969313,461600000000,461981142516
364,mint,22433405849,461600000000,461561005572
365,burn,153890899,461600000000,461218670980
366,mint,17243129,461600000000,462205408803
367,burn,45619078,461600000000,461606099517
368,mint,729612850,461600000000,461681452030
369,burn,799403078,461600000000,461660945033
370,mint,10865425196,461600000000,460809048453
371,burn,4210491590,461600000000,462080590778
372,mint,1573349305,461600000000,461802039173
373,burn,2061218,461600000000,461387721253
374,mint,341442635,461600000000,461904622248
375,burn,87144464,461600000000,461619412683
376,mint,2025011,461600000000,462263771969
377,burn,6667612444,461600000000,461370842554
378,mint,149182593,461600000000,461689615886
379,burn,80576354,461600000000,462522672392
380,mint,5699506598,461600000000,461575607906
381,burn,723766239,461600000000,461805992748
382,mint,7694258,461600000000,461398948859
383,burn,73222139493,461600000000,461752756923
384,mint,287620222,461600000000,461389855790
385,burn,57150714332,461600000000,461208426011
386,mint,11991575522,461600000000,461630388648
387,burn,14320884483,461600000000,461929505469
388,mint,2037951324,461600000000,461801371543
389,burn,7333984,461600000000,461848735698
390,mint,11340451,461600000000,461155558567
391,burn,12212814115,461600000000,461484823179
392,mint,573945779,461600000000,461587047113
393,burn,1154266,461600000000,460915600498
394,mint,43111512172,461600000000,461741141830
395,burn,18598405578,461600000000,461864510919
396,mint,1148834902,461600000000,462139277097
397,burn,181583193,461600000000,461816050231
398,mint,334648116,461600000000,462096839846
399,burn,18209403250,461600000000,461452421296
400,mint,20001992,461600000000,461392602915
401,burn,3573851,461600000000,461350119065
402,mint,67293581823,461600000000,462230641710
403,burn,679586594,461600000000,461354896111
404,mint,54568097140,461600000000,460469697915
405,burn,2792992,461600000000,460977628116
406,mint,920393370,461600000000,461566807673
407,burn,32933407297,461600000000,461274711547
408,mint,3840438809,461600000000,462141528643
409,burn,2085701,461600000000,462418267844
410,mint,113284638,461600000000,461873205027
411,burn,240698242,461600000000,461198670722
412,mint,298290640,461600000000,461307510869
413,burn,15154931775,461600000000,461277709609
414,mint,121242632,461600000000,461375716848
415,burn,5253124,461600000000,461975244569
416,mint,73192318035,461600000000,461139679451
417,burn,37128344,461600000000,462037761084
418,mint,54122857796,461600000000,461539031398
419,burn,30280762219,461600000000,461108550284
420,mint,293633145,461600000000,461143224410
421,burn,61764016,461600000000,461836308267
422,mint,29073514,461600000000,461538803138
423,burn,58424445776,461600000000,461765268075
424,mint,6290562231,461600000000,461659477639
425,burn,2192004174,461600000000,462111826336
426,mint,793978345,461600000000,462021957432
427,burn,290030869,461600000000,461779031295
428,mint,2314576630,461600000000,462076754033
429,burn,21237345793,461600000000,461286422098
430,mint,33178471556,461600000000,462295203514
431,burn,7319302947,461600000000,461675120617
432,mint,1072204700,461600000000,461145159859
433,burn,121379566,461600000000,461807913391
434,mint,5787231623,461600000000,461834454696
435,burn,17447113,461600000000,461611202424
436,mint,374000503,461600000000,461701823255
437,burn,66565536,461600000000,461499706737
438,mint,39151922237,461600000000,462404525700
439,burn,1041798138,461600000000,461521964010
440,mint,5755665338,461600000000,461762051790
441,burn,26459080,461600000000,461458128633
442,mint,1764932,461600000000,461834535378
443,burn,1732074303,461600000000,461716192530
444,mint,5507660537,461600000000,461467293729
445,burn,207142191,461600000000,460961859523
446,mint,54910991,461600000000,460769116239
447,burn,19513656,461600000000,461179700437
448,mint,6267441,461600000000,461767132202
449,burn,21822428,461600000000,461588654737
450,mint,7423996,461600000000,461841373869
451,burn,4878661442,461600000000,461387906605
452,mint,1520835,461600000000,462128748981
453,burn,40488097,461600000000,462053664171
454,mint,12916642702,461600000000,461431577177
455,burn,3287134841,461600000000,460938105437
456,mint,1172835,461600000000,461358178305
457,burn,56583314,461600000000,461477704922
458,mint,2701842468,461600000000,462303935053
459,burn,348032133,461600000000,461175603177
460,mint,1272275,461600000000,461718768765
461,burn,14237403,461600000000,460961674304
462,mint,101590983,461600000000,461720337928
463,burn,16737027055,461600000000,462128844090
464,mint,1596370178,461600000000,461273916182
465,burn,3292212559,461600000000,460891772536
466,mint,22738907,461600000000,462495765380
467,burn,7558460,461600000000,461690706133
468,mint,78370521,461600000000,462171065408
469,burn,746708047,461600000000,461296376318
470,mint,3861866,461600000000,461302079986
471,burn,45801429,461600000000,462327391729
472,mint,49716290046,461600000000,461297337368
473,burn,59192888,461600000000,461829968439
474,mint,145624920,461600000000,461323137211
475,burn,43474092778,461600000000,461460942611
476,mint,1111987,461600000000,461582657067
477,burn,1681017057,461600000000,461858660533
478,mint,869904798,461600000000,462246866492
479,burn,2372918929,461600000000,461679922687
480,mint,18944791349,461600000000,461749374895
481,burn,27239409,461600000000,461855494629
482,mint,4889503129,461600000000,462229346079
483,burn,594471789,461600000000,461611537645
484,mint,143068575,461600000000,462331608000
485,burn,553689226,461600000000,461798556202
486,mint,8689033,461600000000,461862898191
487,burn,68808661,461600000000,462139237635
488,mint,6605965708,461600000000,460997230337
489,burn,20335442879,461600000000,461803282508
490,mint,1533655,461600000000,461818853693
491,burn,10347734523,461600000000,461713939749
492,mint,3678786706,461600000000,461665825885
493,burn,4911906602,461600000000,461781156062
494,mint,21605487193,461600000000,461312947168
495,burn,34198988085,461600000000,462067799899
496,mint,2356264125,461600000000,461694126756
497,burn,8312018219,461600000000,461363604055
498,mint,2337288409,461600000000,460887113422
499,burn,6852104040,461600000000,461120976879
500,mint,16806296,461600000000,461273815687
501,burn,804353140,461600000000,462033127942
502,mint,9976639502,461600000000,461089822596
503,burn,49070172,461600000000,461308071544
504,mint,99863963,461600000000,462163591479
505,burn,51494152009,461600000000,461056257685
506,mint,9384354,461600000000,461165519874
507,burn,23803296360,461600000000,462004167416
508,mint,21662469,461600000000,461194150481
509,burn,5524038,461600000000,461929596090
510,mint,83351262,461600000000,461183656630
511,burn,7297357929,461600000000,461194230823
512,mint,3171081,461600000000,461281841066
513,burn,19844443789,461600000000,461185876420
514,mint,38481428,461600000000,460856939141
515,burn,778628291,461600000000,462243338511
516,mint,1769789095,461600000000,462077959430
517,burn,17021438420,461600000000,461191887728
518,mint,73291308,461600000000,461160844260
519,burn,97905411694,461600000000,461763187274
520,mint,78819215517,461600000000,461252860338
521,burn,7702804728,461600000000,461331686427
522,mint,12887585,461600000000,460781035758
523,burn,119567078,461600000000,462375753249
524,mint,13882853,461600000000,461537559361
525,burn,5162351,461600000000,461441231924
526,mint,567901578,461600000000,461998382411
527,burn,120604494,461600000000,462586744994
528,mint,4051196896,461600000000,461788952323
529,burn,6942523067,461600000000,461771958789
530,mint,17588322,461600000000,462190061994
531,burn,13097922531,461600000000,462251424448
532,mint,19796876,461600000000,461598857000
533,burn,2261637,461600000000,461215567636
534,mint,1228562462,461600000000,461595404398
535,burn,482902827,461600000000,462151917519
536,mint,1338357,461600000000,461601147929
537,burn,45005435,461600000000,460966149204
538,mint,33560815,461600000000,461437074379
539,burn,19042697,461600000000,460732374713
540,mint,14504950057,461600000000,461550387287
541,burn,64392410,461600000000,461190232845
542,mint,3621055488,461600000000,461426380228
543,burn,13484035,461600000000,462027672709
544,mint,5830972876,461600000000,461324804626
545,burn,19967622,461600000000,461239211743
546,mint,39156953483,461600000000,461324368781
547,burn,3525169,461600000000,461896702817
548,mint,2087463,461600000000,461380322028
549,burn,55715420,461600000000,461167325498
550,mint,3334886283,461600000000,462258542968
551,burn,37022046,461600000000,461237799911
552,mint,4798288836,461600000000,461357220679
553,burn,1320587,461600000000,461915657854
554,mint,17633215106,461600000000,461998441481
555,burn,31525882,461600000000,460694431480
556,mint,5349997155,461600000000,461172762337
557,burn,1137894606,461600000000,461023424267
558,mint,478485759,461600000000,461309887282
559,burn,4923026,461600000000,461147530212
560,mint,961757339,461600000000,460683395810
561,burn,45908939075,461600000000,462258128273
562,mint,8585368,461600000000,462096140012
563,burn,1388678,461600000000,461234804983
564,mint,253344088,461600000000,462551344999
565,burn,12936927844,461600000000,461318528853
566,mint,10803196274,461600000000,461291093058
567,burn,17220096175,461600000000,460877091165
568,mint,6916267139,461600000000,461459729762
569,burn,2653172872,461600000000,461523403723
570,mint,1822700,461600000000,461874745602
571,burn,128331387,461600000000,461231865725
572,mint,5749642,461600000000,461832552658
573,burn,114115319,461600000000,461806776886
574,mint,6739619,461600000000,462301662755
575,burn,37475035,461600000000,462065377581
576,mint,436082092,461600000000,461051845049
577,burn,126657486,461600000000,461870962377
578,mint,2012058637,461600000000,461392126544
579,burn,1122244,461600000000,461473599920
580,mint,50697431,461600000000,461384931084
581,burn,602476973,461600000000,461786465819
582,mint,27382429,461600000000,461199508220
583,burn,14100147407,461600000000,462086722025
584,mint,4908365873,461600000000,461475215302
585,burn,1968391,461600000000,462364647727
586,mint,28960828369,461600000000,461443977494
587,burn,1190176,461600000000,461000251771
588,mint,174299260,461600000000,461215852085
589,burn,13472654,461600000000,462116321533
590,mint,3754525903,461600000000,461982205822
591,burn,13538538798,461600000000,462075208082
592,mint,13349751,461600000000,462033106038
593,burn,12290350602,461600000000,461340908983
594,mint,71809555304,461600000000,461850934622
595,burn,15694907371,461600000000,461531175161
596,mint,683684882,461600000000,461398988287
597,burn,83789319795,461600000000,461591459862
598,mint,12347677563,461600000000,460901808280
599,burn,28328696,461600000000,461234018950
600,mint,3734073,461600000000,461591043974
601,burn,837312021,461600000000,462276015342
602,mint,17964751,461600000000,461048496231
603,burn,987452279,461600000000,461520201428
604,mint,584657149,461600000000,461364550340
605,burn,52323417,461600000000,462035634900
606,mint,2476444,461600000000,461822411782
607,burn,16093870789,461600000000,462232097133
608,mint,2402061637,461600000000,461378181067
609,burn,61291122,461600000000,460808334520
610,mint,1299637,461600000000,461288168541
611,burn,42627797,461600000000,461361571798
612,mint,3082336778,461600000000,462021808123
613,burn,6813368,461600000000,461878653328
614,mint,104277658,461600000000,462259711062
615,burn,2523890,461600000000,461958760730
616,mint,3003549864,461600000000,461734496954
617,burn,1801965612,461600000000,461704585340
618,mint,4066313,461600000000,462169212533
619,burn,2991944,461600000000,461897632560
620,mint,2282295851,461600000000,461612353024
621,burn,8121067,461600000000,461028436758
622,mint,1348333892,461600000000,461449498315
623,burn,703801949,461600000000,461287769570
624,mint,95497847769,461600000000,461715972814
625,burn,4192270,461600000000,461010621276
626,mint,10344053,461600000000,462243976035
627,burn,899867025,461600000000,461349065824
628,mint,15895854,461600000000,461364986819
629,burn,3224009415,461600000000,461818845896
630,mint,12372910,461600000000,461973288022
631,burn,76553417,461600000000,461551259814
632,mint,389846611,461600000000,461574042489
633,burn,26920907,461600000000,461988587917
634,mint,1178334,461600000000,461345777568
635,burn,3473577,461600000000,461975036875
636,mint,4303024831,461600000000,460965045727
637,burn,37222243732,461600000000,461426465785
638,mint,28019741,461600000000,460918370092
639,burn,91750898547,461600000000,461490904341
640,mint,306636032,461600000000,461278125885
641,burn,159484384,461600000000,461199013353
642,mint,641227258,461600000000,461143103933
643,burn,137273107,461600000000,460797822745
644,mint,1920893410,461600000000,462326494197
645,burn,5213778,461600000000,461621390698
646,mint,2417551,461600000000,461159760558
647,burn,10834856,461600000000,461558117288
648,mint,8235887269,461600000000,461173132166
649,burn,4567022261,461600000000,461772132632
650,mint,1327128668,461600000000,461849073488
651,burn,402287614,461600000000,461420321886
652,mint,2400616,461600000000,461421296035
653,burn,85144797814,461600000000,461909615300
654,mint,21637055,461600000000,461025175305
655,burn,67661410,461600000000,462017274699
656,mint,76574922017,461600000000,461650429324
657,burn,2967403251,461600000000,461730671251
658,mint,50062674036,461600000000,461452709543
659,burn,33492105,461600000000,461811992512
660,mint,22533791673,461600000000,461807639910
661,burn,6022313617,461600000000,462691401423
662,mint,13556397252,461600000000,461984397717
663,burn,161482944,461600000000,461028927819
664,mint,11791350,461600000000,462252664149
665,burn,17895785,461600000000,461641780165
666,mint,40282582,461600000000,461902707795
667,burn,4762237501,461600000000,462120221769
668,mint,31004373,461600000000,462440387329
669,burn,3154865232,461600000000,461731497636
670,mint,264808890,461600000000,462005567160
671,burn,497074507,461600000000,461306948310
672,mint,1660648032,461600000000,461139526324
673,burn,15333954562,461600000000,460585511122
674,mint,8380118688,461600000000,461577023239
675,burn,40100846996,461600000000,461736609568
676,mint,904733742,461600000000,461421155185
677,burn,3858911654,461600000000,462002963297
678,mint,95958211812,461600000000,462288124204
679,burn,3427785,461600000000,461780294415
680,mint,1193767198,461600000000,462017935557
681,burn,191814019,461600000000,461819419465
682,mint,1626359,461600000000,461663192417
683,burn,557038811,461600000000,461171245081
684,mint,238438707,461600000000,461834595801
685,burn,18575148264,461600000000,462241352636
686,mint,2289473740,461600000000,462231140827
687,burn,75052291,461600000000,461512060176
688,mint,47187880755,461600000000,461138707578
689,burn,67115423944,461600000000,461125215622
690,mint,12505862422,461600000000,461727944271
691,burn,939464808,461600000000,461693557099
692,mint,5740072494,461600000000,461587915923
693,burn,8695256,461600000000,461107664398
694,mint,2444307,461600000000,460876986051
695,burn,37853673,461600000000,460511912472
696,mint,3689773043,461600000000,461501301021
697,burn,5779214,461600000000,462250060728
698,mint,1073400,461600000000,461311148679
699,burn,17337637868,461600000000,461436211878
700,mint,1076114355,461600000000,461397617801
701,burn,37628984790,461600000000,460726876424
702,mint,259053596,461600000000,461637003737
703,burn,248848833,461600000000,461884360397
704,mint,10790593602,461600000000,461714993422
705,burn,1584292,461600000000,461566796103
706,mint,15888232,461600000000,461923775415
707,burn,64514103,461600000000,461950359486
708,mint,15582995777,461600000000,461703785743
709,burn,3642492,461600000000,461065456914
710,mint,51278320,461600000000,461958006647
711,burn,1221613,461600000000,461665616354
712,mint,2573931295,461600000000,461402616580
713,burn,8523185,461600000000,462012914349
714,mint,465848909,461600000000,461814666667
715,burn,1433283,461600000000,461790532502
716,mint,18735126,461600000000,461707705057
717,burn,52211511729,461600000000,461968040301
718,mint,1255650,461600000000,461315595881
719,burn,970803148,461600000000,461169706839
720,mint,93416205985,461600000000,461894782176
721,burn,5065324,461600000000,461556402303
722,mint,58023216059,461600000000,462292212001
723,burn,25033340224,461600000000,461635293942
724,mint,3559650403,461600000000,461502771712
725,burn,1247431,461600000000,460819814679
726,mint,66358819067,461600000000,461407844975
727,burn,93657105527,461600000000,461049787663
728,mint,40165893,461600000000,461407883705
729,burn,15238050,461600000000,462237898074
730,mint,1233520,461600000000,462040430089
731,burn,651329462,461600000000,461992285488
732,mint,2312914930,461600000000,462148365926
733,burn,85989013,461600000000,461456070413
734,mint,64505988,461600000000,461210222236
735,burn,2071618353,461600000000,461761257028
736,mint,1194125,461600000000,462272637449
737,burn,55448242168,461600000000,462177488308
738,mint,179820420,461600000000,461167285667
739,burn,59769272377,461600000000,462120981078
740,mint,2147577834,461600000000,462069593144
741,burn,2402572,461600000000,461174960866
742,mint,5752123575,461600000000,461737640453
743,burn,11003016,461600000000,461537581623
744,mint,7041514730,461600000000,461360297189
745,burn,6401153,461600000000,462395695383
746,mint,799233787,461600000000,461936451157
747,burn,88362792576,461600000000,462336644348
748,mint,4663113415,461600000000,462085030097
749,burn,339390174,461600000000,461372874012
750,mint,2552184729,461600000000,461774738202
751,burn,378881716,461600000000,462586732665
752,mint,1702278,461600000000,461302125697
753,burn,67066458,461600000000,462001091205
754,mint,3012728,461600000000,461965376393
755,burn,398297638,461600000000,461320634330
756,mint,474815916,461600000000,462390143324
757,burn,47977404,461600000000,461781699520
758,mint,45901701418,461600000000,461821173793
759,burn,1000515186,461600000000,461025524621
760,mint,2119585,461600000000,461391545570
761,burn,9775027472,461600000000,461644937399
762,mint,2119865242,461600000000,461158840020
763,burn,4002302392,461600000000,460910412316
764,mint,7872085632,461600000000,461352290995
765,burn,2599063936,461600000000,461791550803
766,mint,5254241,461600000000,462224478617
767,burn,2458493,461600000000,462247338727
768,mint,58020357122,461600000000,462233433878
769,burn,14647384945,461600000000,462015668931
770,mint,20254084,461600000000,462032091296
771,burn,10329370,461600000000,461890996825
772,mint,20993675,461600000000,461507789637
773,burn,17213010110,461600000000,461717671078
774,mint,1117249630,461600000000,461433277610
775,burn,3213993,461600000000,462364973249
776,mint,24085831,461600000000,460955082281
777,burn,61996947,461600000000,462194956536
778,mint,30287586344,461600000000,461605768335
779,burn,7665771401,461600000000,460809815086
780,mint,13282501,461600000000,461212170836
781,burn,5697351,461600000000,461564941201
782,mint,1477214820,461600000000,461607323177
783,burn,29009649364,461600000000,461561258109
784,mint,3294592,461600000000,461152328866
785,burn,345023623,461600000000,461634753423
786,mint,3151723,461600000000,461841295021
787,burn,4266746738,461600000000,461597710488
788,mint,8193933906,461600000000,462201318625
789,burn,61483112,461600000000,461856592780
790,mint,20771599,461600000000,461746020356
791,burn,25936922111,461600000000,461015654674
792,mint,63417025,461600000000,461853567858
793,burn,4449926736,461600000000,461188948363
794,mint,748259217,461600000000,461517613225
795,burn,25785881026,461600000000,461136545772
796,mint,2885540111,461600000000,461124258295
797,burn,6523287,461600000000,461463016838
798,mint,25059345,461600000000,462201923780
799,burn,286073662,461600000000,461776852539
800,mint,6978096,461600000000,461797832814
801,burn,4731256535,461600000000,461878851849
802,mint,60638686744,461600000000,461816574391
803,burn,54864160,461600000000,461819339293
804,mint,42191836431,461600000000,461881177635
805,burn,33805592,461600000000,461043703592
806,mint,8743080190,461600000000,461823460475
807,burn,541934941,461600000000,460499014643
808,mint,699132133,461600000000,461798395799
809,burn,7260934,461600000000,461848161907
810,mint,27988503,461600000000,462049559062
811,burn,3066666353,461600000000,461264407999
812,mint,6552391,461600000000,462128069109
813,burn,98358597849,461600000000,461765062708
814,mint,1251777,461600000000,460687446798
815,burn,19312184,461600000000,461489761698
816,mint,9382522,461600000000,460703307737
817,burn,4680495491,461600000000,462200586036
818,mint,1321511045,461600000000,461327271707
819,burn,790726474,461600000000,461829450666
820,mint,1451104707,461600000000,461865672987
821,burn,132318457,461600000000,461695241940
822,mint,2455690338,461600000000,461411823457
823,burn,8112910428,461600000000,462448611463
824,mint,32705312,461600000000,461150953624
825,burn,67555527,461600000000,461806174659
826,mint,1080800,461600000000,461283219786
827,burn,409150329,461600000000,461607919511
828,mint,15829036,461600000000,461939616739
829,burn,2790972,461600000000,462053950346
830,mint,13730628031,461600000000,462147238711
831,burn,114924618,461600000000,461433282169
832,mint,182298313,461600000000,460983867195
833,burn,12229175953,461600000000,461406901871
834,mint,1992180,461600000000,460817687235
835,burn,6412325,461600000000,461696849930
836,mint,1427672,461600000000,461949589095
837,burn,4473808046,461600000000,461461255307
838,mint,7956521607,461600000000,461921491692
839,burn,16786370,461600000000,461679651555
840,mint,2480532,461600000000,461840777053
841,burn,668132344,461600000000,461560242100
842,mint,28432145219,461600000000,461292148845
843,burn,41599818146,461600000000,462131049590
844,mint,17946008431,461600000000,461441258809
845,burn,8922448,461600000000,461995589059
846,mint,2605461,461600000000,461786571801
847,burn,526414904,461600000000,461690731882
848,mint,397809812,461600000000,461278866242
849,burn,253808245,461600000000,462006113888
850,mint,21422748410,461600000000,462413370978
851,burn,2821432,461600000000,461591055367
852,mint,3450810630,461600000000,460825423782
853,burn,4233845459,461600000000,461638725119
854,mint,585549704,461600000000,461805193177
855,burn,58003965383,461600000000,461753420001
856,mint,5809215868,461600000000,461369327169
857,burn,57031387,461600000000,460483089776
858,mint,1036716134,461600000000,461867670949
859,burn,8361586044,461600000000,461894396450
860,mint,21269629328,461600000000,460515449613
861,burn,4749530908,461600000000,461560662313
862,mint,1457146538,461600000000,462152359557
863,burn,1704407,461600000000,460878120373
864,mint,77480392563,461600000000,461151039947
865,burn,33400071101,461600000000,462235311051
866,mint,18760882637,461600000000,461094070213
867,burn,13040675426,461600000000,461249504506
868,mint,1054022,461600000000,460688968458
869,burn,2373287,461600000000,461434443761
870,mint,256223338,461600000000,461283853418
871,burn,3580783198,461600000000,462139928007
872,mint,89201572,461600000000,461612040354
873,burn,2524431522,461600000000,461534082812
874,mint,54456431840,461600000000,460903567458
875,burn,14983940,461600000000,461384583883
876,mint,88472837,461600000000,461311295171
877,burn,35363191,461600000000,462135707002
878,mint,1355212,461600000000,461555178191
879,burn,4078522,461600000000,461128269056
880,mint,7368815,461600000000,460885847929
881,burn,1628193,461600000000,461759017989
882,mint,42846679508,461600000000,461808094222
883,burn,9688308,461600000000,461320523081
884,mint,2891863230,461600000000,462345416185
885,burn,6522455420,461600000000,461574533720
886,mint,1079324547,461600000000,462197875616
887,burn,365517493,461600000000,462313925110
888,mint,826769711,461600000000,461413234939
889,burn,5339626231,461600000000,461405439340
890,mint,1302350,461600000000,462022985257
891,burn,4505067,461600000000,461946043334
892,mint,472705674,461600000000,461758360610
893,burn,5857968524,461600000000,462280169005
894,mint,15717256,461600000000,461212567861
895,burn,124611735,461600000000,461947925902
896,mint,47088437895,461600000000,461087285297
897,burn,408672619,461600000000,462102305148
898,mint,284275505,461600000000,461573150668
899,burn,10602678,461600000000,461507895386
900,mint,1263534869,461600000000,461276159822
901,burn,27008132,461600000000,461447720796
902,mint,1472455,461600000000,462362888662
903,burn,7839361,461600000000,461441980216
904,mint,24112354516,461600000000,461312734884
905,burn,5865909,461600000000,461913558083
906,mint,70665424942,461600000000,461494846983
907,burn,325604114,461600000000,461091400693
908,mint,12434950154,461600000000,460745201791
909,burn,148262937,461600000000,462113204514
910,mint,34266253,461600000000,462425853772
911,burn,5103471,461600000000,461513841315
912,mint,7668914,461600000000,461559817418
913,burn,229932208,461600000000,462113976072
914,mint,31756925,461600000000,461958363645
915,burn,144605023,461600000000,461960477250
916,mint,76954201643,461600000000,461801658591
917,burn,2970477,461600000000,461434615911
918,mint,21499416,461600000000,460899708962
919,burn,2477017,461600000000,461440695435
920,mint,5659187179,461600000000,462015991599
921,burn,45517999,461600000000,462049357776
922,mint,465544301,461600000000,462072938307
923,burn,11439901176,461600000000,461271301114
924,mint,94693191,461600000000,461955207563
925,burn,43649284841,461600000000,461150404572
926,mint,10736974684,461600000000,461571153429
927,burn,11270838850,461600000000,461241177634
928,mint,50355089,461600000000,462046064844
929,burn,632671946,461600000000,462202205145
930,mint,5408936652,461600000000,462377649090
931,burn,426030942,461600000000,461650842343
932,mint,77452570,461600000000,462141943313
933,burn,244164020,461600000000,461716542135
934,mint,15002038189,461600000000,462134828494
935,burn,9937518257,461600000000,461550436087
936,mint,67785045999,461600000000,461206131885
937,burn,617727034,461600000000,461946167543
938,mint,2506321131,461600000000,461786937755
939,burn,3255420267,461600000000,461635918638
940,mint,1501733574,461600000000,462047370157
941,burn,810443415,461600000000,461674757312
942,mint,38860037,461600000000,461752505481
943,burn,27439119,461600000000,461877207247
944,mint,50762589430,461600000000,461346956321
945,burn,13920673669,461600000000,460703896064
946,mint,34485853313,461600000000,461935561521
947,burn,6089881196,461600000000,462191267013
948,mint,23964476874,461600000000,461226459792
949,burn,124591434,461600000000,461828737228
950,mint,1099305762,461600000000,461523337277
951,burn,166921843,461600000000,461589807475
952,mint,100275861,461600000000,461450662232
953,burn,34376403340,461600000000,461387752050
954,mint,32269625,461600000000,461780595364
955,burn,5129403676,461600000000,462024354418
956,mint,23923526080,461600000000,461719659462
957,burn,3034396,461600000000,462139147996
958,mint,357179971,461600000000,462466025539
959,burn,7088630077,461600000000,461339083184
960,mint,5087421480,461600000000,461997827679
961,burn,70459249,461600000000,461907434555
962,mint,43678501539,461600000000,462020906111
963,burn,36831249418,461600000000,462015212731
964,mint,944227718,461600000000,461053594585
965,burn,213086134,461600000000,462108935092
966,mint,12157573,461600000000,461807263016
967,burn,15054729700,461600000000,461185789533
968,mint,18005803455,461600000000,461442052586
969,burn,432573230,461600000000,461725757363
970,mint,24715943,461600000000,461770645673
971,burn,1326149003,461600000000,461078539489
972,mint,89656624243,461600000000,460765694413
973,burn,6404679,461600000000,462221097922
974,mint,88484940697,461600000000,461453037694
975,burn,3098937777,461600000000,462277135395
976,mint,280267076,461600000000,461971201933
977,burn,4088562099,461600000000,461976764688
978,mint,298336929,461600000000,461762517584
979,burn,2144998,461600000000,461597463425
980,mint,3797006141,461600000000,461920669874
981,burn,17920551,461600000000,461650870544
982,mint,52449039,461600000000,461645046611
983,burn,271254787,461600000000,462170411980
984,mint,3548316,461600000000,461341303483
985,burn,7449787,461600000000,461911460789
986,mint,13433617189,461600000000,461100963464
987,burn,222911717,461600000000,461343708640
988,mint,936795994,461600000000,462047324758
989,burn,56466608694,461600000000,461131306892
990,mint,897487643,461600000000,462023097790
991,burn,611113217,461600000000,462380892700
992,mint,4192348,461600000000,462108913025
993,burn,5112376845,461600000000,461760492900
994,mint,467783071,461600000000,461542678992
995,burn,167416746,461600000000,462767351877
996,mint,8787655733,461600000000,461540224045
997,burn,1932633,461600000000,461555904447
998,mint,393301870,461600000000,461428979324
999,burn,26155707,461600000000,461028603604
