0,mint,37593034093,461600000000,461668481531
1,burn,71171437,461600000000,461709398258
2,mint,1793665312,461600000000,461442475129
3,burn,310718236,461600000000,461111343415
4,mint,20885404472,461600000000,461555757489
5,burn,30636662034,461600000000,461917034405
6,mint,24485061935,461600000000,461603155822
7,burn,177663812,461600000000,461561516458
8,mint,2609632,461600000000,461659305258
9,burn,1483138921,461600000000,461819995374
10,mint,3526509,461600000000,461761387999
11,burn,28741545794,461600000000,461616328607
12,mint,3009334121,461600000000,461663991461
13,burn,40380440771,461600000000,461666687996
14,mint,20062958,461600000000,461759674220
15,burn,42682336,461600000000,461801452049
16,mint,12027431090,461600000000,461455524912
17,burn,90754009,461600000000,461505194945
18,mint,9455840,461600000000,461781391091
19,burn,10873866229,461600000000,462036878787
20,mint,55256573,461600000000,461764715858
21,burn,1101837,461600000000,461568690850
22,mint,3634498273,461600000000,461586325589
23,burn,1714829,461600000000,462091417754
24,mint,59071667931,461600000000,461338602246
25,burn,15207265,461600000000,461469837059
26,mint,29249624,461600000000,461424862644
27,burn,112374670,461600000000,461883894572
28,mint,39134347313,461600000000,461672818141
29,burn,131795393,461600000000,461469597190
30,mint,2604897,461600000000,461905971445
31,burn,63483598972,461600000000,461728437522
32,mint,2020226,461600000000,461888468881
33,burn,17776305,461600000000,461568756448
34,mint,5388757737,461600000000,460891881123
35,burn,308345776,461600000000,461553315216
36,mint,95820900,461600000000,461164474099
37,burn,25118202106,461600000000,461891304782
38,mint,1280041296,461600000000,461844367915
39,burn,573820019,461600000000,461658234641
40,mint,79942415,461600000000,461670307506
41,burn,139648101,461600000000,461377513578
42,mint,13550144083,461600000000,461325667996
43,burn,87207420,461600000000,461629660354
44,mint,7016281,461600000000,461801874395
45,burn,327555604,461600000000,461395327252
46,mint,37991886045,461600000000,461057979389
47,burn,13134006,461600000000,461737953069
48,mint,3570928,461600000000,461287831983
49,burn,5061693,461600000000,461463513909
50,mint,17402651419,461600000000,461290208327
51,burn,1015731,461600000000,461454136920
52,mint,626751958,461600000000,461091899693
53,burn,3088177610,461600000000,461853906560
54,mint,3551030,461600000000,461651432857
55,burn,6094453152,461600000000,461347816168
56,mint,15440116940,461600000000,461135720532
57,burn,11262728054,461600000000,461972170091
58,mint,40751581,461600000000,461729481593
59,burn,4730965612,461600000000,461395607267
60,mint,1349519556,461600000000,461265932584
61,burn,67393170,461600000000,461216664392
62,mint,2126929495,461600000000,461806815576
63,burn,40177692590,461600000000,461504300028
64,mint,55903960,461600000000,461724271444
65,burn,11700539925,461600000000,461666433639
66,mint,23298072,461600000000,461746706492
67,burn,270902814,461600000000,461762540261
68,mint,1477569773,461600000000,461651065611
69,burn,2858317457,461600000000,461712443933
70,mint,91174243,461600000000,461472344173
71,burn,5386285,461600000000,461448349752
72,mint,2670232,461600000000,461900529251
73,burn,31001256,461600000000,461506283530
74,mint,8115246,461600000000,461698613291
75,burn,50464884620,461600000000,461634362617
76,mint,37980837986,461600000000,461249271691
77,burn,1327515647,461600000000,461689217563
78,mint,134899754,461600000000,461324978282
79,burn,41272768,461600000000,461582722467
80,mint,436544126,461600000000,461588194982
81,burn,299943559,461600000000,461785906284
82,mint,474991375,461600000000,461817357699
83,burn,8077266215,461600000000,461443051249
84,mint,25296113212,461600000000,461424146802
85,burn,36323822478,461600000000,461474052970
86,mint,78798950,461600000000,461724141327
87,burn,5108262739,461600000000,461162650896
88,mint,59900118,461600000000,461538119228
89,burn,73817379,461600000000,461335879734
90,mint,1131312,461600000000,461520474182
91,burn,25296388792,461600000000,461294708950
92,mint,68623045022,461600000000,461629763053
93,burn,49689561,461600000000,461135109345
94,mint,76794919,461600000000,461302199764
95,burn,1834393809,461600000000,461765557298
96,mint,3376159,461600000000,461706596171
97,burn,688864370,461600000000,461411849308
98,mint,492247514,461600000000,461249284778
99,burn,160583676,461600000000,461557311916
100,mint,2733295894,461600000000,461604769698
101,burn,1140801823,461600000000,461593574545
102,mint,4630533950,461600000000,461675957515
103,burn,44056299,461600000000,461337280189
104,mint,12261043662,461600000000,461462595455
105,burn,91264312940,461600000000,461758491401
106,mint,63385844,461600000000,461161221479
107,burn,229663440,461600000000,461424957637
108,mint,10190750022,461600000000,461756344297
109,burn,31090540,461600000000,461811137254
110,mint,2306758,461600000000,461704666922
111,burn,17756699911,461600000000,462030611637
112,mint,963081833,461600000000,461844922570
113,burn,693847223,461600000000,461628170896
114,mint,3394668533,461600000000,461829277987
115,burn,1374185,461600000000,461486905409
116,mint,520187340,461600000000,461554735115
117,burn,59024063,461600000000,461345373713
118,mint,16449199,461600000000,461637018929
119,burn,14364692751,461600000000,461558382494
120,mint,754714211,461600000000,461634428841
121,burn,259442164,461600000000,461708792533
122,mint,1000998,461600000000,461370325136
123,burn,3648056669,461600000000,461603192973
124,mint,90544445,461600000000,461657748703
125,burn,19467090067,461600000000,461534790860
126,mint,67799328,461600000000,461341564273
127,burn,32882240745,461600000000,461550786838
128,mint,6915417103,461600000000,461522524000
129,burn,1501398,461600000000,461344529661
130,mint,2460322,461600000000,461928265046
131,burn,43948649922,461600000000,461373938774
132,mint,30080043439,461600000000,461389762023
133,burn,4827714036,461600000000,461582033347
134,mint,92513176,461600000000,461814744607
135,burn,18445722904,461600000000,461717586322
136,mint,395993217,461600000000,461764593757
137,burn,1216606,461600000000,461633084805
138,mint,12053919,461600000000,462100452107
139,burn,67206728,461600000000,461445772366
140,mint,20200748,461600000000,461197490947
141,burn,3152426,461600000000,461493004299
142,mint,15795092343,461600000000,461124102908
143,burn,5501065469,461600000000,461552927207
144,mint,93516967,461600000000,461903647387
145,burn,117296106,461600000000,461749093013
146,mint,12473983811,461600000000,461730148044
147,burn,54945145743,461600000000,461891319795
148,mint,6173157,461600000000,461688633493
149,burn,11263814086,461600000000,461597986546
150,mint,30243754,461600000000,461162633624
151,burn,991438343,461600000000,461408225911
152,mint,41898084707,461600000000,461647869594
153,burn,2923203,461600000000,461639085177
154,mint,825333541,461600000000,461793747935
155,burn,1787353,461600000000,461767313069
156,mint,259039634,461600000000,461432845956
157,burn,8551164692,461600000000,461661804831
158,mint,2600007740,461600000000,461479029121
159,burn,1344375590,461600000000,461941217294
160,mint,57667956,461600000000,461681417483
161,burn,2675798,461600000000,461715162038
162,mint,960525496,461600000000,461318714752
163,burn,221843174,461600000000,461444225121
164,mint,1641851,461600000000,461462685931
165,burn,339247329,461600000000,461238678388
166,mint,443579783,461600000000,461448723619
167,burn,7145326679,461600000000,461556289467
168,mint,7864505023,461600000000,461849581261
169,burn,1027749234,461600000000,462091544201
170,mint,36626463,461600000000,461842356306
171,burn,1414950843,461600000000,461968812949
172,mint,36312826059,461600000000,461674039194
173,burn,169200365,461600000000,461556668173
174,mint,1999271079,461600000000,461604805448
175,burn,1481840891,461600000000,461796877480
176,mint,20718385687,461600000000,461236080510
177,burn,3851062526,461600000000,461011453862
178,mint,97171272,461600000000,461831241485
179,burn,2298322741,461600000000,461829918608
180,mint,73653787,461600000000,461749489843
181,burn,1921685975,461600000000,461569152993
182,mint,95630178,461600000000,461790759673
183,burn,2812926,461600000000,461596461044
184,mint,98957921883,461600000000,461878668042
185,burn,1526965618,461600000000,461674991845
186,mint,426845460,461600000000,461407814416
187,burn,76432955692,461600000000,461711350464
188,mint,1030540218,461600000000,461608053972
189,burn,77169259734,461600000000,461114757532
190,mint,1296790324,461600000000,461836591007
191,burn,26860424522,461600000000,461798576774
192,mint,16727954834,461600000000,461709712540
193,burn,735397776,461600000000,461193815022
194,mint,4323934099,461600000000,461231927709
195,burn,7291746078,461600000000,461533577729
196,mint,9883659,461600000000,461096804762
197,burn,12733041,461600000000,461691975162
198,mint,40118974,461600000000,461746397959
199,burn,19584507,461600000000,461692463371
200,mint,30395435,461600000000,461494968623
201,burn,1763530736,461600000000,461913488280
202,mint,324691993,461600000000,461165182320
203,burn,44316197968,461600000000,461189604912
204,mint,46440719938,461600000000,461593148313
205,burn,30891690391,461600000000,461807861419
206,mint,5098564215,461600000000,461832437883
207,burn,65370953099,461600000000,461205365789
208,mint,16432205,461600000000,461710425893
209,burn,14750136,461600000000,461650513648
210,mint,1586878,461600000000,461371406765
211,burn,1703886,461600000000,461692239526
212,mint,6239598,461600000000,461498603370
213,burn,1489003,461600000000,461467452537
214,mint,1939245,461600000000,462084852454
215,burn,67176421929,461600000000,461202193880
216,mint,2126178,461600000000,461589373776
217,burn,4262825,461600000000,461863102524
218,mint,2748242,461600000000,461468177797
219,burn,6323392372,461600000000,461443529434
220,mint,150581337,461600000000,461586892614
221,burn,61853482,461600000000,461939747737
222,mint,1334799280,461600000000,461522572919
223,burn,14904757,461600000000,461620220036
224,mint,34904484,461600000000,461706246012
225,burn,188985203,461600000000,461781703548
226,mint,24609361694,461600000000,461565793267
227,burn,1858505325,461600000000,461558606576
228,mint,70364166127,461600000000,461313974868
229,burn,19171400,461600000000,461545261769
230,mint,33344205061,461600000000,461559733122
231,burn,5916823731,461600000000,461703483556
232,mint,234983289,461600000000,461313699381
233,burn,1280532507,461600000000,461766604156
234,mint,141057584,461600000000,461614424751
235,burn,1503849,461600000000,461821542757
236,mint,3658360,461600000000,461209928469
237,burn,1104648,461600000000,461529289978
238,mint,132623460,461600000000,461596663209
239,burn,57036817704,461600000000,461834457746
240,mint,17961692450,461600000000,461873019684
241,burn,1731463586,461600000000,461639111121
242,mint,3302250,461600000000,461732413699
243,burn,13422413,461600000000,461691908451
244,mint,36510227091,461600000000,461758266096
245,burn,46101641,461600000000,461751911366
246,mint,12054771,461600000000,461583619881
247,burn,15810774,461600000000,461545311562
248,mint,1656492540,461600000000,461690339274
249,burn,113405607,461600000000,461524474190
250,mint,16410603203,461600000000,461207112014
251,burn,22067457,461600000000,462105723210
252,mint,21492649,461600000000,461634686668
253,burn,18831004815,461600000000,461778588887
254,mint,22237700,461600000000,461566700128
255,burn,6775923,461600000000,461917889077
256,mint,13942907,461600000000,461574742006
257,burn,86300178956,461600000000,462000085186
258,mint,4272062,461600000000,461654977833
259,burn,57763979854,461600000000,461074906014
260,mint,1157098,461600000000,461701619783
261,burn,19631767111,461600000000,461407992548
262,mint,18572231,461600000000,461697805685
263,burn,82865450661,461600000000,461736149600
264,mint,11833578,461600000000,461785277677
265,burn,9782474,461600000000,461644493071
266,mint,1370035274,461600000000,461411395330
267,burn,1313155,461600000000,461653823343
268,mint,1536401530,461600000000,461537564050
269,burn,53502857,461600000000,461659898209
270,mint,1628034734,461600000000,461601595502
271,burn,20085612,461600000000,461294962247
272,mint,4198154,461600000000,461770964843
273,burn,1635140,461600000000,461561543528
274,mint,54840296644,461600000000,461179693189
275,burn,14691387715,461600000000,461910432807
276,mint,436686793,461600000000,461317111974
277,burn,35870618,461600000000,461241938291
278,mint,101284689,461600000000,462120458107
279,burn,2844331072,461600000000,461606822194
280,mint,2857677,461600000000,461801737574
281,burn,11657937310,461600000000,461349651885
282,mint,12184732,461600000000,461496892005
283,burn,1008260,461600000000,461694437332
284,mint,4271437773,461600000000,461583919199
285,burn,2306617,461600000000,462033491546
286,mint,237954234,461600000000,461869898236
287,burn,1079921,461600000000,461254917319
288,mint,2215892,461600000000,461444915136
289,burn,76237102530,461600000000,461244907947
290,mint,1262216858,461600000000,461839073006
291,burn,5684679,461600000000,461865028440
292,mint,274466675,461600000000,461506329145
293,burn,3465877,461600000000,461342560522
294,mint,4522887,461600000000,461827844392
295,burn,28255728556,461600000000,461435925132
296,mint,583307986,461600000000,461225163940
297,burn,98765412,461600000000,461522106767
298,mint,547490600,461600000000,461274518032
299,burn,79944567,461600000000,461528270682
300,mint,1469012,461600000000,461439696831
301,burn,4209133,461600000000,461486487351
302,mint,3956927278,461600000000,461576823631
303,burn,30352285319,461600000000,461846599927
304,mint,9277359,461600000000,462107248065
305,burn,1456594,461600000000,462013232127
306,mint,510832414,461600000000,461693363961
307,burn,15204510051,461600000000,461927700999
308,mint,4191042,461600000000,461615150434
309,burn,15547472,461600000000,461781249307
310,mint,61671834078,461600000000,461372438617
311,burn,2369058,461600000000,462048163870
312,mint,6640194,461600000000,461357473059
313,burn,19455835785,461600000000,461745216288
314,mint,860832142,461600000000,461364621381
315,burn,303377079,461600000000,461701917590
316,mint,1802423,461600000000,461584727826
317,burn,47460006,461600000000,461461178514
318,mint,1541765266,461600000000,461862809592
319,burn,2964734,461600000000,461832648972
320,mint,2176020260,461600000000,461537559261
321,burn,34219713,461600000000,461512217662
322,mint,23199516899,461600000000,461732527020
323,burn,9302658687,461600000000,461838956960
324,mint,3606644644,461600000000,461717544519
325,burn,1409578160,461600000000,461690033961
326,mint,339122131,461600000000,461851077227
327,burn,362111141,461600000000,461599056343
328,mint,6874584061,461600000000,461107008666
329,burn,2794046442,461600000000,461898057213
330,mint,29777040199,461600000000,461918032759
331,burn,120910867,461600000000,461428420283
332,mint,568051035,461600000000,461676094479
333,burn,678217830,461600000000,461608423625
334,mint,43436287142,461600000000,461762183680
335,burn,2535647,461600000000,461630211564
336,mint,280085112,461600000000,461564191104
337,burn,364582574,461600000000,461984469422
338,mint,2729666724,461600000000,461753248202
339,burn,4294041542,461600000000,462092953041
340,mint,254366146,461600000000,461615131984
341,burn,1096856420,461600000000,461421943323
342,mint,29179274,461600000000,462038442503
343,burn,15253681482,461600000000,461289615152
344,mint,64497196,461600000000,461564738726
345,burn,2167549280,461600000000,461454666168
346,mint,7034780,461600000000,461633483737
347,burn,139554515,461600000000,461736671680
348,mint,8202227,461600000000,461485076483
349,burn,5288963,461600000000,461146228949
350,mint,36219701069,461600000000,461176526775
351,burn,11768244,461600000000,461405794745
352,mint,48826579,461600000000,461709580933
353,burn,1945767725,461600000000,461443753976
354,mint,68876738085,461600000000,461754233057
355,burn,32213433,461600000000,461425931959
356,mint,294818397,461600000000,461792365102
357,burn,523937559,461600000000,461358509383
358,mint,42492822,461600000000,461492206725
359,burn,53092886,461600000000,461275509049
360,mint,47909791,461600000000,461598630132
361,burn,1717442100,461600000000,461319088778
362,mint,9043687555,461600000000,462062426563
363,burn,381285798,461600000000,461771783636
364,mint,1749403,461600000000,461343613178
365,burn,3149935662,461600000000,461856800248
366,mint,74818824,461600000000,461813657880
367,burn,1466333,461600000000,462149229526
368,mint,375684643,461600000000,461345650592
369,burn,9709163898,461600000000,461599369668
370,mint,57921900191,461600000000,461604570491
371,burn,35559541,461600000000,461082462205
372,mint,6356078,461600000000,461687365091
373,burn,1114960,461600000000,461826257487
374,mint,18932493,461600000000,461933860076
375,burn,32160927,461600000000,461789824356
376,mint,1916991,461600000000,461583632416
377,burn,10106104300,461600000000,461331546273
378,mint,2127520,461600000000,461562823698
379,burn,7555893799,461600000000,461582300253
380,mint,1696471447,461600000000,461539190834
381,burn,4725590,461600000000,461423133950
382,mint,65810155167,461600000000,461767737945
383,burn,5224671981,461600000000,461514433210
384,mint,771475840,461600000000,461414138033
385,burn,6620760,461600000000,461669834426
386,mint,18187438,461600000000,461687834956
387,burn,35482623549,461600000000,461499582696
388,mint,65492990564,461600000000,461589585619
389,burn,147964458,461600000000,461651886043
390,mint,4364635,461600000000,462216675923
391,burn,9390062,461600000000,461584454885
392,mint,15519977,461600000000,461440618222
393,burn,157745445,461600000000,461484806835
394,mint,30687541789,461600000000,461472888407
395,burn,10200489860,461600000000,461669429344
396,mint,68940885418,461600000000,462020609460
397,burn,1443273149,461600000000,461386013905
398,mint,9846034179,461600000000,461802923284
399,burn,2082490,461600000000,461903255587
400,mint,90067452,461600000000,461483867214
401,burn,94086892954,461600000000,461635484836
402,mint,9394041099,461600000000,461396355183
403,burn,24310562,461600000000,461790917336
404,mint,21949594,461600000000,462114205768
405,burn,35425621876,461600000000,461191806971
406,mint,11466641236,461600000000,461498064453
407,burn,3499934232,461600000000,461362417192
408,mint,29111647574,461600000000,461760833535
409,burn,17690619734,461600000000,461324942991
410,mint,60661952084,461600000000,461592413260
411,burn,3482447,461600000000,461523859018
412,mint,9865713,461600000000,461667058762
413,burn,645208613,461600000000,461627399194
414,mint,12588869,461600000000,461365161382
415,burn,4405540,461600000000,461251465170
416,mint,1636820717,461600000000,461758718045
417,burn,906687258,461600000000,461304939390
418,mint,862982090,461600000000,461550051499
419,burn,146348095,461600000000,461851196202
420,mint,1729300,461600000000,461622779753
421,burn,1143298,461600000000,461516252400
422,mint,1265111,461600000000,461571442586
423,burn,4531221895,461600000000,461643533519
424,mint,8694342257,461600000000,461547651356
425,burn,75385988927,461600000000,461951247040
426,mint,4665286337,461600000000,461616283953
427,burn,363528895,461600000000,461988411564
428,mint,114035884,461600000000,461573664648
429,burn,1027969,461600000000,461549445417
430,mint,1885988962,461600000000,461435479429
431,burn,127566427,461600000000,461537445997
432,mint,78087991,461600000000,461680444184
433,burn,23511784,461600000000,461552118578
434,mint,64656127080,461600000000,461078037039
435,burn,42310536907,461600000000,461756634885
436,mint,9881049,461600000000,461518929821
437,burn,5959947,461600000000,461831454889
438,mint,2444955,461600000000,461647785849
439,burn,2341930826,461600000000,461485418947
440,mint,161208395,461600000000,461425053274
441,burn,13575480363,461600000000,461505380197
442,mint,850778478,461600000000,461747565324
443,burn,5164396874,461600000000,461934748315
444,mint,1413357,461600000000,461534304280
445,burn,32965327815,461600000000,461700373662
446,mint,18437499090,461600000000,461536516868
447,burn,3377071683,461600000000,461674138133
448,mint,95969370,461600000000,461590672674
449,burn,261652429,461600000000,461824422193
450,mint,2207620531,461600000000,461594435069
451,burn,4015342189,461600000000,461622627521
452,mint,2945135308,461600000000,461396883037
453,burn,52368959,461600000000,461780627402
454,mint,19031466,461600000000,461931848024
455,burn,2515616819,461600000000,461444905016
456,mint,4382795278,461600000000,461909410500
457,burn,62279636557,461600000000,461740574964
458,mint,36300584262,461600000000,461426715792
459,burn,87418697,461600000000,461697168491
460,mint,3600016802,461600000000,461656357959
461,burn,1800505406,461600000000,461538836526
462,mint,7020052,461600000000,461353795246
463,burn,26261137902,461600000000,461101909098
464,mint,203463278,461600000000,461890785272
465,burn,458364056,461600000000,461673527698
466,mint,7647026437,461600000000,461535345343
467,burn,10016427348,461600000000,461653209438
468,mint,9370922074,461600000000,461583501362
469,burn,3660224698,461600000000,461765549922
470,mint,37031646817,461600000000,461885792726
471,burn,207014204,461600000000,461528599658
472,mint,688247192,461600000000,461512850730
473,burn,139254104,461600000000,461521253027
474,mint,72198444807,461600000000,461164428743
475,burn,6395078931,461600000000,461492187090
476,mint,3384778,461600000000,461461191944
477,burn,109152584,461600000000,461701418234
478,mint,285886119,461600000000,461423549158
479,burn,1038533,461600000000,461497807598
480,mint,25036358290,461600000000,461861468779
481,burn,56736342564,461600000000,461496724063
482,mint,2291307,461600000000,461570168971
483,burn,24945735632,461600000000,461519196426
484,mint,19217430739,461600000000,461565440401
485,burn,1132374638,461600000000,461297216051
486,mint,5440541105,461600000000,461420662989
487,burn,4964097,461600000000,461284587056
488,mint,4993957496,461600000000,461806999544
489,burn,3508912,461600000000,461801012985
490,mint,1102263,461600000000,461974476768
491,burn,8930126,461600000000,461650321511
492,mint,5106445430,461600000000,461886099041
493,burn,28567842,461600000000,461555498792
494,mint,40437687394,461600000000,461437232391
495,burn,11795777135,461600000000,461425787016
496,mint,71785945,461600000000,461811536959
497,burn,31891898,461600000000,461654013654
498,mint,8184864,461600000000,461494253456
499,burn,9514002,461600000000,461518049783
500,mint,12115881687,461600000000,461861768403
501,burn,6711587,461600000000,461443234791
502,mint,48893922364,461600000000,461638880161
503,burn,64011331,461600000000,461728007189
504,mint,2901097,461600000000,461356587453
505,burn,6098023895,461600000000,461692435040
506,mint,17666475,461600000000,461655010660
507,burn,3680931,461600000000,461443723534
508,mint,49237833271,461600000000,461546071211
509,burn,4081586592,461600000000,461413754981
510,mint,12635034894,461600000000,461482611861
511,burn,306345491,461600000000,461985256739
512,mint,155668112,461600000000,461579826011
513,burn,7631300421,461600000000,461707042230
514,mint,255367320,461600000000,461470132296
515,burn,422966742,461600000000,461642771849
516,mint,80222337965,461600000000,461635370118
517,burn,151991976,461600000000,461590081158
518,mint,32324154353,461600000000,461563762681
519,burn,33119782,461600000000,461649959304
520,mint,8180751,461600000000,461837651364
521,burn,1957632396,461600000000,461822102230
522,mint,19114450064,461600000000,461590878510
523,burn,3395382,461600000000,461287525634
524,mint,11684910,461600000000,461363914982
525,burn,244001519,461600000000,461463697249
526,mint,835348327,461600000000,461402775275
527,burn,2861201294,461600000000,461742376055
528,mint,57746301,461600000000,461452147752
529,burn,6674734,461600000000,461730782487
530,mint,16493037338,461600000000,461808741198
531,burn,19982199,461600000000,461338343185
532,mint,1112209670,461600000000,461792806098
533,burn,82011969,461600000000,461545929663
534,mint,2068835,461600000000,461706361875
535,burn,10714529,461600000000,461442917365
536,mint,1977481691,461600000000,461493719215
537,burn,931508242,461600000000,461535311587
538,mint,57664551,461600000000,461602272584
539,burn,3744938914,461600000000,461461962265
540,mint,3189177,461600000000,461518980646
541,burn,24850105,461600000000,461878520932
542,mint,2552164,461600000000,461581415785
543,burn,9032287,461600000000,462089528786
544,mint,325584710,461600000000,461777629667
545,burn,74895756490,461600000000,461554023920
546,mint,1776251352,461600000000,461734419257
547,burn,149927704,461600000000,461809801467
548,mint,7947164,461600000000,461429515226
549,burn,29413728565,461600000000,461772182551
550,mint,30222415795,461600000000,461353509383
551,burn,65568944,461600000000,461178857768
552,mint,4258028921,461600000000,461501170511
553,burn,6840974109,461600000000,461281343987
554,mint,11089436780,461600000000,461701712603
555,burn,275689657,461600000000,461653840449
556,mint,175626780,461600000000,461606695246
557,burn,76273530,461600000000,461155650442
558,mint,49541891714,461600000000,461614950133
559,burn,9827728295,461600000000,461485723677
560,mint,2059792020,461600000000,461843987593
561,burn,5357169968,461600000000,461481745197
562,mint,25939915,461600000000,461684457485
563,burn,2565593796,461600000000,461800674644
564,mint,422893201,461600000000,462200395643
565,burn,3606915715,461600000000,461568577453
566,mint,2148306701,461600000000,461805374683
567,burn,1391300,461600000000,461494308571
568,mint,16352203,461600000000,461628250048
569,burn,906324005,461600000000,461612096392
570,mint,2631597805,461600000000,461682838841
571,burn,2584744,461600000000,461614811597
572,mint,4219801,461600000000,461298978949
573,burn,19888516,461600000000,461233739365
574,mint,1866834190,461600000000,461677192039
575,burn,2877871544,461600000000,461552814872
576,mint,2008091,461600000000,461673072245
577,burn,4104952,461600000000,461777608643
578,mint,19408044955,461600000000,461610719995
579,burn,122131156,461600000000,461790470222
580,mint,1748232365,461600000000,461663235767
581,burn,1518547472,461600000000,461928897577
582,mint,11193904,461600000000,461679964776
583,burn,1755487016,461600000000,461749296960
584,mint,37052568,461600000000,461538506442
585,burn,1199074872,461600000000,461523932149
586,mint,16548927,461600000000,461359387570
587,burn,212486548,461600000000,461339376142
588,mint,378434936,461600000000,461701856779
589,burn,39766625,461600000000,461998541504
590,mint,1020125114,461600000000,461611280104
591,burn,856832901,461600000000,461670410933
592,mint,44371363001,461600000000,461490177501
593,burn,1694725618,461600000000,461487042424
594,mint,1300833179,461600000000,461781135625
595,burn,8065937,461600000000,461873050947
596,mint,13090216801,461600000000,461288892261
597,burn,3619900,461600000000,461704043036
598,mint,1609837,461600000000,461828917516
599,burn,67897413586,461600000000,461618419685
600,mint,3466319459,461600000000,461882393489
601,burn,202003213,461600000000,461213116145
602,mint,53345772912,461600000000,461440886716
603,burn,46734877417,461600000000,461420080676
604,mint,28619747,461600000000,461753912130
605,burn,11121787,461600000000,461905365736
606,mint,1133659,461600000000,461478533664
607,burn,23313696692,461600000000,461050980112
608,mint,13011017689,461600000000,462093014686
609,burn,10335016786,461600000000,461539619967
610,mint,85135244951,461600000000,461738161150
611,burn,3219626,461600000000,461500683844
612,mint,3131694,461600000000,461656463347
613,burn,2829090,461600000000,461708253619
614,mint,10585148,461600000000,461825565094
615,burn,90415892006,461600000000,461517458489
616,mint,20582652,461600000000,461233129418
617,burn,54216561104,461600000000,461101516435
618,mint,41105534,461600000000,461783119387
619,burn,1262737,461600000000,461751238447
620,mint,2253724500,461600000000,461933743082
621,burn,1578911513,461600000000,461890412078
622,mint,9276708,461600000000,461533207036
623,burn,75509714,461600000000,461771519061
624,mint,1375139,461600000000,461585871845
625,burn,1727481247,461600000000,461578097019
626,mint,3186883679,461600000000,461714755773
627,burn,68709551,461600000000,461685791972
628,mint,306268617,461600000000,461897400238
629,burn,3855616,461600000000,461221238468
630,mint,103406873,461600000000,461621649260
631,burn,76594139,461600000000,461509257513
632,mint,5946924,461600000000,461383221601
633,burn,17640711922,461600000000,461607884249
634,mint,7702499,461600000000,461233127018
635,burn,19282422465,461600000000,461708829860
636,mint,2986492,461600000000,461641027364
637,burn,12617890,461600000000,462060968664
638,mint,25003472184,461600000000,461647612716
639,burn,3549653,461600000000,461736239457
640,mint,5617603,461600000000,461380500630
641,burn,1000896846,461600000000,461230059964
642,mint,45644006074,461600000000,461326106185
643,burn,85000078091,461600000000,461638540359
644,mint,50073776226,461600000000,461498051765
645,burn,10701979,461600000000,461669388814
646,mint,601492870,461600000000,461613998533
647,burn,4318465854,461600000000,461687746531
648,mint,334385463,461600000000,461775290620
649,burn,1144404,461600000000,461386545388
650,mint,152810300,461600000000,461621027191
651,burn,1081944,461600000000,461825796549
652,mint,14153970,461600000000,461732937092
653,burn,9274144,461600000000,461352480896
654,mint,2068504991,461600000000,461731734938
655,burn,408462566,461600000000,461487776022
656,mint,8143715,461600000000,461184225735
657,burn,24445247,461600000000,461212331077
658,mint,7224446624,461600000000,461545832915
659,burn,26591150,461600000000,461814984224
660,mint,96442343688,461600000000,461737250595
661,burn,5540890,461600000000,461318496063
662,mint,808515906,461600000000,461400381735
663,burn,16258612088,461600000000,461591411873
664,mint,191025135,461600000000,461800743323
665,burn,57212374245,461600000000,461744233579
666,mint,912961360,461600000000,461427259151
667,burn,10463042333,461600000000,461677745105
668,mint,1959811,461600000000,461513168314
669,burn,7762204208,461600000000,461634007428
670,mint,9981886,461600000000,461716247981
671,burn,70192582598,461600000000,461386403525
672,mint,684513201,461600000000,461430356618
673,burn,255333598,461600000000,461473467334
674,mint,16108886,461600000000,461597026849
675,burn,23507226,461600000000,461764776510
676,mint,7013895,461600000000,461698653578
677,burn,1290732067,461600000000,462021346645
678,mint,517192813,461600000000,461630117617
679,burn,15007240989,461600000000,461771017896
680,mint,38582900,461600000000,461526927301
681,burn,8437158,461600000000,461957992100
682,mint,47809291829,461600000000,461331355277
683,burn,350661048,461600000000,461598194015
684,mint,2033406,461600000000,461730014729
685,burn,38151661,461600000000,461389187239
686,mint,299281447,461600000000,461526954502
687,burn,5464263,461600000000,461655006008
688,mint,3619753204,461600000000,461947922996
689,burn,25628851337,461600000000,461350166942
690,mint,25166296,461600000000,461364094439
691,burn,26511138319,461600000000,461638464595
692,mint,1518185,461600000000,461864144432
693,burn,32995595,461600000000,461754105068
694,mint,33937565527,461600000000,461695230489
695,burn,58355331,461600000000,462019672584
696,mint,2027955781,461600000000,461582421236
697,burn,55188267317,461600000000,461671820063
698,mint,2987845,461600000000,461410784814
699,burn,2048141,461600000000,461503728016
700,mint,1223482,461600000000,461802112481
701,burn,1293494,461600000000,461326394633
702,mint,2035339769,461600000000,461674124498
703,burn,2723958834,461600000000,461645063183
704,mint,45787144485,461600000000,461965270518
705,burn,11870440,461600000000,461568663955
706,mint,33641031,461600000000,461598214565
707,burn,70321393,461600000000,461564757574
708,mint,7295510,461600000000,461417564443
709,burn,6912799,461600000000,461594238721
710,mint,3174952683,461600000000,461284291668
711,burn,5393089,461600000000,461380817389
712,mint,97344845703,461600000000,461728864916
713,burn,240476915,461600000000,461621735051
714,mint,2916699979,461600000000,461815472201
715,burn,234317673,461600000000,461662820442
716,mint,353087894,461600000000,461576474758
717,burn,20308061290,461600000000,461577842696
718,mint,121447773,461600000000,461738510823
719,burn,13326192,461600000000,461589731997
720,mint,12090662077,461600000000,461167669660
721,burn,8652185918,461600000000,461552369630
722,mint,48277753,461600000000,461347332853
723,burn,44353801689,461600000000,461228401825
724,mint,67501544640,461600000000,461721028021
725,burn,51032752556,461600000000,461541566981
726,mint,13011775748,461600000000,461226811967
727,burn,2978943955,461600000000,461698290930
728,mint,47421995306,461600000000,461366092603
729,burn,31955751318,461600000000,461651049269
730,mint,5172033016,461600000000,461309559855
731,burn,6730541221,461600000000,461666321568
732,mint,213397046,461600000000,461752478260
733,burn,1321105,461600000000,461200674326
734,mint,21739390,461600000000,461508700422
735,burn,4786042,461600000000,461248795800
736,mint,251219325,461600000000,461568872914
737,burn,1396150761,461600000000,461417190594
738,mint,1160393,461600000000,461702704813
739,burn,14411772356,461600000000,461461435749
740,mint,36808457923,461600000000,461425809607
741,burn,37806357,461600000000,461471492200
742,mint,3461664,461600000000,461639322197
743,burn,116607340,461600000000,461200156825
744,mint,173142181,461600000000,461350651811
745,burn,28093067710,461600000000,461852263442
746,mint,41887557,461600000000,461371451015
747,burn,74036782315,461600000000,461427526151
748,mint,72812085,461600000000,461815352952
749,burn,3052111,461600000000,461693067693
750,mint,963529454,461600000000,461417863134
751,burn,22702861,461600000000,461404643395
752,mint,1536814,461600000000,461914397406
753,burn,10099006,461600000000,462059060095
754,mint,43809217920,461600000000,461542626673
755,burn,4869313923,461600000000,461605166855
756,mint,13852181,461600000000,461499977157
757,burn,44463569,461600000000,461487021827
758,mint,1125047082,461600000000,461640549482
759,burn,13262977606,461600000000,462122441264
760,mint,1068706457,461600000000,461533448914
761,burn,49236826721,461600000000,461753161974
762,mint,41385919,461600000000,461812010090
763,burn,38340906750,461600000000,461175442946
764,mint,259314120,461600000000,461723819675
765,burn,23085659,461600000000,461331126178
766,mint,1055857,461600000000,461644155758
767,burn,41065356232,461600000000,461581095153
768,mint,23132090875,461600000000,461511138979
769,burn,3546856,461600000000,461956770236
770,mint,29100751884,461600000000,461202374214
771,burn,4758789,461600000000,462128424439
772,mint,1490549983,461600000000,461696634507
773,burn,1719352317,461600000000,461602653939
774,mint,2742818,461600000000,461348345401
775,burn,379466177,461600000000,461686848100
776,mint,839187227,461600000000,461628073837
777,burn,7332169342,461600000000,461594399811
778,mint,353352072,461600000000,461698883033
779,burn,64944805,461600000000,461668284262
780,mint,6825274712,461600000000,461585518055
781,burn,14135627327,461600000000,461395463238
782,mint,6459555433,461600000000,462148961285
783,burn,8861952401,461600000000,461151941570
784,mint,40678064,461600000000,461646280433
785,burn,8605814,461600000000,461669972459
786,mint,2514632,461600000000,461430599870
787,burn,2378829,461600000000,462205557795
788,mint,27393123,461600000000,461702181643
789,burn,3125283,461600000000,461840356779
790,mint,3295892044,461600000000,461721085317
791,burn,1224747,461600000000,461535980085
792,mint,79411269094,461600000000,461819759330
793,burn,31617788,461600000000,461618068842
794,mint,53215282,461600000000,461404258669
795,burn,9086851,461600000000,461771720965
796,mint,6824313993,461600000000,461272245461
797,burn,1583009946,461600000000,461625547774
798,mint,949520204,461600000000,461933183390
799,burn,60808389800,461600000000,461743226643
800,mint,30957549,461600000000,461944662633
801,burn,11811967976,461600000000,461739050425
802,mint,47836670991,461600000000,461721870478
803,burn,7619803232,461600000000,461732952599
804,mint,42429445155,461600000000,462407777847
805,burn,13965998462,461600000000,461591174954
806,mint,1800038,461600000000,461829188973
807,burn,74229333367,461600000000,461772451989
808,mint,15460962,461600000000,461636980304
809,burn,2116746407,461600000000,461627829947
810,mint,1456502470,461600000000,461564264810
811,burn,2550411812,461600000000,461904563915
812,mint,9799384,461600000000,461895048534
813,burn,119571493,461600000000,461407238607
814,mint,1835338902,461600000000,461207409984
815,burn,10387380254,461600000000,461871902200
816,mint,12248306,461600000000,461638825788
817,burn,17141805082,461600000000,461765443750
818,mint,217032591,461600000000,461588762268
819,burn,1382922,461600000000,461616126984
820,mint,1508851193,461600000000,461461281049
821,burn,10352763900,461600000000,461447520431
822,mint,118451056,461600000000,461802273244
823,burn,3022776,461600000000,461508189698
824,mint,26373346,461600000000,461111919101
825,burn,6875013536,461600000000,461307433321
826,mint,50256357587,461600000000,461589682585
827,burn,16895641,461600000000,461515195019
828,mint,10338553,461600000000,461034514010
829,burn,2189869498,461600000000,461724164530
830,mint,38558594,461600000000,461587855795
831,burn,5224100387,461600000000,461491319243
832,mint,9126219192,461600000000,461687760037
833,burn,10206156,461600000000,461737415301
834,mint,664258173,461600000000,461608781562
835,burn,36973468,461600000000,461714444865
836,mint,1890453438,461600000000,462167878702
837,burn,87785243,461600000000,461313793780
838,mint,2547341037,461600000000,461763955077
839,burn,82474670,461600000000,461696843372
840,mint,1280151574,461600000000,461405853290
841,burn,28071324,461600000000,461701669322
842,mint,13833797791,461600000000,461703235368
843,burn,86893363,461600000000,461727240898
844,mint,691163213,461600000000,461858587125
845,burn,78468978601,461600000000,461415518194
846,mint,881604713,461600000000,461574289311
847,burn,1093961378,461600000000,461406402853
848,mint,73460239,461600000000,461506681177
849,burn,134620515,461600000000,461983979872
850,mint,27114777,461600000000,461637345767
851,burn,3091937,461600000000,461092418449
852,mint,13927605439,461600000000,461565093352
853,burn,5968545776,461600000000,461276241288
854,mint,1381618,461600000000,461446609128
855,burn,8716636110,461600000000,461540689119
856,mint,1010233,461600000000,461643789219
857,burn,441057147,461600000000,461075232143
858,mint,4767487,461600000000,461328246297
859,burn,481408002,461600000000,461553341677
860,mint,163440026,461600000000,461510563822
861,burn,40947103,461600000000,461895545420
862,mint,12971069360,461600000000,461638425007
863,burn,90520999679,461600000000,461668854258
864,mint,5311216,461600000000,461699029116
865,burn,650183691,461600000000,461896216426
866,mint,24443145,461600000000,461891142353
867,burn,433293203,461600000000,461840860706
868,mint,2138757,461600000000,461333846392
869,burn,986918677,461600000000,461372517581
870,mint,39956393,461600000000,461558235798
871,burn,621240342,461600000000,461632487887
872,mint,6233591019,461600000000,461670984729
873,burn,69078557192,461600000000,461673792645
874,mint,4075882383,461600000000,461368584726
875,burn,2916610264,461600000000,461324238345
876,mint,417368618,461600000000,461929526023
877,burn,15006732,461600000000,461318641730
878,mint,32750486316,461600000000,461512741913
879,burn,37200542497,461600000000,461932796490
880,mint,5957515213,461600000000,462317879172
881,burn,9620798734,461600000000,461532389620
882,mint,199387205,461600000000,461603466456
883,burn,1447960,461600000000,461722434821
884,mint,7441530478,461600000000,461441253253
885,burn,8176139,461600000000,460889448787
886,mint,24897054,461600000000,462242053549
887,burn,1389147613,461600000000,461694040185
888,mint,6153760443,461600000000,461495056711
889,burn,8174800,461600000000,461662444619
890,mint,2153601278,461600000000,461654640686
891,burn,16281202,461600000000,461785105853
892,mint,44927643308,461600000000,461620512277
893,burn,184936884,461600000000,461732854721
894,mint,9028751,461600000000,462158747772
895,burn,155859111,461600000000,461572378463
896,mint,155799686,461600000000,461706519740
897,burn,2454105,461600000000,461291641687
898,mint,18843132807,461600000000,461383397671
899,burn,8241625,461600000000,461378301145
900,mint,14277051,461600000000,461820828175
901,burn,66665836009,461600000000,461705810200
902,mint,95504009,461600000000,461733248679
903,burn,1683504705,461600000000,461301717066
904,mint,850370063,461600000000,461684636765
905,burn,7580513024,461600000000,461494056628
906,mint,61372356926,461600000000,461598732575
907,burn,7735283554,461600000000,461656570131
908,mint,2375420,461600000000,461794552597
909,burn,5629032789,461600000000,461478101479
910,mint,92063136,461600000000,461662232363
911,burn,38239873,461600000000,461752493580
912,mint,465417938,461600000000,461397022993
913,burn,4353706,461600000000,461548918290
914,mint,27110734230,461600000000,461586016132
915,burn,6576974956,461600000000,461647047020
916,mint,20378587574,461600000000,461972964254
917,burn,4969398,461600000000,461582701355
918,mint,240485238,461600000000,461513984566
919,burn,3776611260,461600000000,461806169317
920,mint,1388212130,461600000000,461698177604
921,burn,7814934,461600000000,461657917764
922,mint,20329680,461600000000,461874689134
923,burn,37267855,461600000000,461909315192
924,mint,485654342,461600000000,461485728207
925,burn,1059825,461600000000,461534663038
926,mint,341208177,461600000000,461452846326
927,burn,4515776328,461600000000,461536007159
928,mint,17000116622,461600000000,461604741912
929,burn,879605780,461600000000,461378053135
930,mint,114586242,461600000000,461859978536
931,burn,10588185,461600000000,462158178038
932,mint,41113529,461600000000,461590957557
933,burn,18898760611,461600000000,460726516882
934,mint,26383043,461600000000,461508120619
935,burn,5118920,461600000000,461523314654
936,mint,14034139999,461600000000,461803862509
937,burn,2221236616,461600000000,461875402172
938,mint,1524236480,461600000000,461878093010
939,burn,668285393,461600000000,461660218288
940,mint,97677667,461600000000,461500798640
941,burn,1734910974,461600000000,461781593385
942,mint,271006880,461600000000,461591633733
943,burn,55746491,461600000000,461402198698
944,mint,744921271,461600000000,461934948095
945,burn,1196941,461600000000,461598867273
946,mint,333085620,461600000000,460913483227
947,burn,29476541,461600000000,461486970832
948,mint,306441653,461600000000,461173345411
949,burn,76925265,461600000000,461633381492
950,mint,4394194,461600000000,461651681166
951,burn,73637761643,461600000000,461922547430
952,mint,23231630,461600000000,461394506288
953,burn,36899285,461600000000,461489111630
954,mint,6640877,461600000000,461682111661
955,burn,10032382345,461600000000,461622865539
956,mint,13488026517,461600000000,461669785488
957,burn,2876687,461600000000,461398242155
958,mint,11371482132,461600000000,461878287014
959,burn,1006386072,461600000000,461804016285
960,mint,54325998089,461600000000,461316633268
961,burn,8153440,461600000000,462128710051
962,mint,8538413,461600000000,461587594003
963,burn,3389794,461600000000,461634657967
964,mint,5474408045,461600000000,461536676560
965,burn,3411632,461600000000,461528543056
966,mint,5018456,461600000000,462045499502
967,burn,23681600,461600000000,461790668051
968,mint,23257462888,461600000000,461514923088
969,burn,1225805,461600000000,461614816189
970,mint,2543625550,461600000000,461399016338
971,burn,5559986,461600000000,461881688118
972,mint,9928949432,461600000000,461710116057
973,burn,12161297080,461600000000,461336775369
974,mint,1472831,461600000000,461359912485
975,burn,17629853493,461600000000,461800952978
976,mint,10795942,461600000000,461287914121
977,burn,33510770,461600000000,461429089309
978,mint,11092520,461600000000,461850977261
979,burn,19137901976,461600000000,461245180870
980,mint,23582725,461600000000,461627616109
981,burn,1894322628,461600000000,461430259963
982,mint,9252342207,461600000000,461805770192
983,burn,2074956,461600000000,461989019055
984,mint,90354066,461600000000,461668528219
985,burn,6379853189,461600000000,461668191318
986,mint,42858799,461600000000,461433433000
987,burn,1877466,461600000000,461228307492
988,mint,6735644900,461600000000,461469543472
989,burn,49525765898,461600000000,461529678259
990,mint,592414475,461600000000,462184225077
991,burn,6194334497,461600000000,461335067875
992,mint,55155854307,461600000000,461657575455
993,burn,2581122485,461600000000,461514708189
994,mint,10078279431,461600000000,461662703102
995,burn,965966240,461600000000,461731644115
996,mint,119989669,461600000000,461706852306
997,burn,45587691612,461600000000,461562252594
998,mint,525552067,461600000000,461453940410
999,burn,298085866,461600000000,461282547777
