trial,side,grams,quoted_price,oracle_price,deviation_bps_floor,outcome,executed_oracle_price,balance_change
0,mint,37593034093,461600000000,461668481531,2,executed,461668481531,37593034093
1,burn,71171437,461600000000,461709398258,3,executed,461709398258,-71171437
2,mint,1793665312,461600000000,461442475129,4,executed,461442475129,1793665312
3,burn,310718236,461600000000,461111343415,11,executed,461111343415,-310718236
4,mint,20885404472,461600000000,461555757489,1,executed,461555757489,20885404472
5,burn,30636662034,461600000000,461917034405,7,executed,461917034405,-30636662034
6,mint,24485061935,461600000000,461603155822,1,executed,461603155822,24485061935
7,burn,177663812,461600000000,461561516458,1,executed,461561516458,-177663812
8,mint,2609632,461600000000,461659305258,2,executed,461659305258,2609632
9,burn,1483138921,461600000000,461819995374,5,executed,461819995374,-1483138921
10,mint,3526509,461600000000,461761387999,4,executed,461761387999,3526509
11,burn,28741545794,461600000000,461616328607,1,executed,461616328607,-28741545794
12,mint,3009334121,461600000000,461663991461,2,executed,461663991461,3009334121
13,burn,40380440771,461600000000,461666687996,2,executed,461666687996,-40380440771
14,mint,20062958,461600000000,461759674220,4,executed,461759674220,20062958
15,burn,42682336,461600000000,461801452049,5,executed,461801452049,-42682336
16,mint,12027431090,461600000000,461455524912,4,executed,461455524912,12027431090
17,burn,90754009,461600000000,461505194945,3,executed,461505194945,-90754009
18,mint,9455840,461600000000,461781391091,4,executed,461781391091,9455840
19,burn,10873866229,461600000000,462036878787,10,executed,462036878787,-10873866229
20,mint,55256573,461600000000,461764715858,4,executed,461764715858,55256573
21,burn,1101837,461600000000,461568690850,1,executed,461568690850,-1101837
22,mint,3634498273,461600000000,461586325589,1,executed,461586325589,3634498273
23,burn,1714829,461600000000,462091417754,11,executed,462091417754,-1714829
24,mint,59071667931,461600000000,461338602246,6,executed,461338602246,59071667931
25,burn,15207265,461600000000,461469837059,3,executed,461469837059,-15207265
26,mint,29249624,461600000000,461424862644,4,executed,461424862644,29249624
27,burn,112374670,461600000000,461883894572,7,executed,461883894572,-112374670
28,mint,39134347313,461600000000,461672818141,2,executed,461672818141,39134347313
29,burn,131795393,461600000000,461469597190,3,executed,461469597190,-131795393
30,mint,2604897,461600000000,461905971445,7,executed,461905971445,2604897
31,burn,63483598972,461600000000,461728437522,3,executed,461728437522,-63483598972
32,mint,2020226,461600000000,461888468881,7,executed,461888468881,2020226
33,burn,17776305,461600000000,461568756448,1,executed,461568756448,-17776305
34,mint,5388757737,461600000000,460891881123,16,executed,460891881123,5388757737
35,burn,308345776,461600000000,461553315216,2,executed,461553315216,-308345776
36,mint,95820900,461600000000,461164474099,10,executed,461164474099,95820900
37,burn,25118202106,461600000000,461891304782,7,executed,461891304782,-25118202106
38,mint,1280041296,461600000000,461844367915,6,executed,461844367915,1280041296
39,burn,573820019,461600000000,461658234641,2,executed,461658234641,-573820019
40,mint,79942415,461600000000,461670307506,2,executed,461670307506,79942415
41,burn,139648101,461600000000,461377513578,5,executed,461377513578,-139648101
42,mint,13550144083,461600000000,461325667996,6,executed,461325667996,13550144083
43,burn,87207420,461600000000,461629660354,1,executed,461629660354,-87207420
44,mint,7016281,461600000000,461801874395,5,executed,461801874395,7016281
45,burn,327555604,461600000000,461395327252,5,executed,461395327252,-327555604
46,mint,37991886045,461600000000,461057979389,12,executed,461057979389,37991886045
47,burn,13134006,461600000000,461737953069,3,executed,461737953069,-13134006
48,mint,3570928,461600000000,461287831983,7,executed,461287831983,3570928
49,burn,5061693,461600000000,461463513909,3,executed,461463513909,-5061693
50,mint,17402651419,461600000000,461290208327,7,executed,461290208327,17402651419
51,burn,1015731,461600000000,461454136920,4,executed,461454136920,-1015731
52,mint,626751958,461600000000,461091899693,12,executed,461091899693,626751958
53,burn,3088177610,461600000000,461853906560,6,executed,461853906560,-3088177610
54,mint,3551030,461600000000,461651432857,2,executed,461651432857,3551030
55,burn,6094453152,461600000000,461347816168,6,executed,461347816168,-6094453152
56,mint,15440116940,461600000000,461135720532,11,executed,461135720532,15440116940
57,burn,11262728054,461600000000,461972170091,9,executed,461972170091,-11262728054
58,mint,40751581,461600000000,461729481593,3,executed,461729481593,40751581
59,burn,4730965612,461600000000,461395607267,5,executed,461395607267,-4730965612
60,mint,1349519556,461600000000,461265932584,8,executed,461265932584,1349519556
61,burn,67393170,461600000000,461216664392,9,executed,461216664392,-67393170
62,mint,2126929495,461600000000,461806815576,5,executed,461806815576,2126929495
63,burn,40177692590,461600000000,461504300028,3,executed,461504300028,-40177692590
64,mint,55903960,461600000000,461724271444,3,executed,461724271444,55903960
65,burn,11700539925,461600000000,461666433639,2,executed,461666433639,-11700539925
66,mint,23298072,461600000000,461746706492,4,executed,461746706492,23298072
67,burn,270902814,461600000000,461762540261,4,executed,461762540261,-270902814
68,mint,1477569773,461600000000,461651065611,2,executed,461651065611,1477569773
69,burn,2858317457,461600000000,461712443933,3,executed,461712443933,-2858317457
70,mint,91174243,461600000000,461472344173,3,executed,461472344173,91174243
71,burn,5386285,461600000000,461448349752,4,executed,461448349752,-5386285
72,mint,2670232,461600000000,461900529251,7,executed,461900529251,2670232
73,burn,31001256,461600000000,461506283530,3,executed,461506283530,-31001256
74,mint,8115246,461600000000,461698613291,3,executed,461698613291,8115246
75,burn,50464884620,461600000000,461634362617,1,executed,461634362617,-50464884620
76,mint,37980837986,461600000000,461249271691,8,executed,461249271691,37980837986
77,burn,1327515647,461600000000,461689217563,2,executed,461689217563,-1327515647
78,mint,134899754,461600000000,461324978282,6,executed,461324978282,134899754
79,burn,41272768,461600000000,461582722467,1,executed,461582722467,-41272768
80,mint,436544126,461600000000,461588194982,1,executed,461588194982,436544126
81,burn,299943559,461600000000,461785906284,5,executed,461785906284,-299943559
82,mint,474991375,461600000000,461817357699,5,executed,461817357699,474991375
83,burn,8077266215,461600000000,461443051249,4,executed,461443051249,-8077266215
84,mint,25296113212,461600000000,461424146802,4,executed,461424146802,25296113212
85,burn,36323822478,461600000000,461474052970,3,executed,461474052970,-36323822478
86,mint,78798950,461600000000,461724141327,3,executed,461724141327,78798950
87,burn,5108262739,461600000000,461162650896,10,executed,461162650896,-5108262739
88,mint,59900118,461600000000,461538119228,2,executed,461538119228,59900118
89,burn,73817379,461600000000,461335879734,6,executed,461335879734,-73817379
90,mint,1131312,461600000000,461520474182,2,executed,461520474182,1131312
91,burn,25296388792,461600000000,461294708950,7,executed,461294708950,-25296388792
92,mint,68623045022,461600000000,461629763053,1,executed,461629763053,68623045022
93,burn,49689561,461600000000,461135109345,11,executed,461135109345,-49689561
94,mint,76794919,461600000000,461302199764,7,executed,461302199764,76794919
95,burn,1834393809,461600000000,461765557298,4,executed,461765557298,-1834393809
96,mint,3376159,461600000000,461706596171,3,executed,461706596171,3376159
97,burn,688864370,461600000000,461411849308,5,executed,461411849308,-688864370
98,mint,492247514,461600000000,461249284778,8,executed,461249284778,492247514
99,burn,160583676,461600000000,461557311916,1,executed,461557311916,-160583676
100,mint,2733295894,461600000000,461604769698,1,executed,461604769698,2733295894
101,burn,1140801823,461600000000,461593574545,1,executed,461593574545,-1140801823
102,mint,4630533950,461600000000,461675957515,2,executed,461675957515,4630533950
103,burn,44056299,461600000000,461337280189,6,executed,461337280189,-44056299
104,mint,12261043662,461600000000,461462595455,3,executed,461462595455,12261043662
105,burn,91264312940,461600000000,461758491401,4,executed,461758491401,-91264312940
106,mint,63385844,461600000000,461161221479,10,executed,461161221479,63385844
107,burn,229663440,461600000000,461424957637,4,executed,461424957637,-229663440
108,mint,10190750022,461600000000,461756344297,4,executed,461756344297,10190750022
109,burn,31090540,461600000000,461811137254,5,executed,461811137254,-31090540
110,mint,2306758,461600000000,461704666922,3,executed,461704666922,2306758
111,burn,17756699911,461600000000,462030611637,10,executed,462030611637,-17756699911
112,mint,963081833,461600000000,461844922570,6,executed,461844922570,963081833
113,burn,693847223,461600000000,461628170896,1,executed,461628170896,-693847223
114,mint,3394668533,461600000000,461829277987,5,executed,461829277987,3394668533
115,burn,1374185,461600000000,461486905409,3,executed,461486905409,-1374185
116,mint,520187340,461600000000,461554735115,1,executed,461554735115,520187340
117,burn,59024063,461600000000,461345373713,6,executed,461345373713,-59024063
118,mint,16449199,461600000000,461637018929,1,executed,461637018929,16449199
119,burn,14364692751,461600000000,461558382494,1,executed,461558382494,-14364692751
120,mint,754714211,461600000000,461634428841,1,executed,461634428841,754714211
121,burn,259442164,461600000000,461708792533,3,executed,461708792533,-259442164
122,mint,1000998,461600000000,461370325136,5,executed,461370325136,1000998
123,burn,3648056669,461600000000,461603192973,1,executed,461603192973,-3648056669
124,mint,90544445,461600000000,461657748703,2,executed,461657748703,90544445
125,burn,19467090067,461600000000,461534790860,2,executed,461534790860,-19467090067
126,mint,67799328,461600000000,461341564273,6,executed,461341564273,67799328
127,burn,32882240745,461600000000,461550786838,2,executed,461550786838,-32882240745
128,mint,6915417103,461600000000,461522524000,2,executed,461522524000,6915417103
129,burn,1501398,461600000000,461344529661,6,executed,461344529661,-1501398
130,mint,2460322,461600000000,461928265046,8,executed,461928265046,2460322
131,burn,43948649922,461600000000,461373938774,5,executed,461373938774,-43948649922
132,mint,30080043439,461600000000,461389762023,5,executed,461389762023,30080043439
133,burn,4827714036,461600000000,461582033347,1,executed,461582033347,-4827714036
134,mint,92513176,461600000000,461814744607,5,executed,461814744607,92513176
135,burn,18445722904,461600000000,461717586322,3,executed,461717586322,-18445722904
136,mint,395993217,461600000000,461764593757,4,executed,461764593757,395993217
137,burn,1216606,461600000000,461633084805,1,executed,461633084805,-1216606
138,mint,12053919,461600000000,462100452107,11,executed,462100452107,12053919
139,burn,67206728,461600000000,461445772366,4,executed,461445772366,-67206728
140,mint,20200748,461600000000,461197490947,9,executed,461197490947,20200748
141,burn,3152426,461600000000,461493004299,3,executed,461493004299,-3152426
142,mint,15795092343,461600000000,461124102908,11,executed,461124102908,15795092343
143,burn,5501065469,461600000000,461552927207,2,executed,461552927207,-5501065469
144,mint,93516967,461600000000,461903647387,7,executed,461903647387,93516967
145,burn,117296106,461600000000,461749093013,4,executed,461749093013,-117296106
146,mint,12473983811,461600000000,461730148044,3,executed,461730148044,12473983811
147,burn,54945145743,461600000000,461891319795,7,executed,461891319795,-54945145743
148,mint,6173157,461600000000,461688633493,2,executed,461688633493,6173157
149,burn,11263814086,461600000000,461597986546,1,executed,461597986546,-11263814086
150,mint,30243754,461600000000,461162633624,10,executed,461162633624,30243754
151,burn,991438343,461600000000,461408225911,5,executed,461408225911,-991438343
152,mint,41898084707,461600000000,461647869594,2,executed,461647869594,41898084707
153,burn,2923203,461600000000,461639085177,1,executed,461639085177,-2923203
154,mint,825333541,461600000000,461793747935,5,executed,461793747935,825333541
155,burn,1787353,461600000000,461767313069,4,executed,461767313069,-1787353
156,mint,259039634,461600000000,461432845956,4,executed,461432845956,259039634
157,burn,8551164692,461600000000,461661804831,2,executed,461661804831,-8551164692
158,mint,2600007740,461600000000,461479029121,3,executed,461479029121,2600007740
159,burn,1344375590,461600000000,461941217294,8,executed,461941217294,-1344375590
160,mint,57667956,461600000000,461681417483,2,executed,461681417483,57667956
161,burn,2675798,461600000000,461715162038,3,executed,461715162038,-2675798
162,mint,960525496,461600000000,461318714752,7,executed,461318714752,960525496
163,burn,221843174,461600000000,461444225121,4,executed,461444225121,-221843174
164,mint,1641851,461600000000,461462685931,3,executed,461462685931,1641851
165,burn,339247329,461600000000,461238678388,8,executed,461238678388,-339247329
166,mint,443579783,461600000000,461448723619,4,executed,461448723619,443579783
167,burn,7145326679,461600000000,461556289467,1,executed,461556289467,-7145326679
168,mint,7864505023,461600000000,461849581261,6,executed,461849581261,7864505023
169,burn,1027749234,461600000000,462091544201,11,executed,462091544201,-1027749234
170,mint,36626463,461600000000,461842356306,6,executed,461842356306,36626463
171,burn,1414950843,461600000000,461968812949,8,executed,461968812949,-1414950843
172,mint,36312826059,461600000000,461674039194,2,executed,461674039194,36312826059
173,burn,169200365,461600000000,461556668173,1,executed,461556668173,-169200365
174,mint,1999271079,461600000000,461604805448,1,executed,461604805448,1999271079
175,burn,1481840891,461600000000,461796877480,5,executed,461796877480,-1481840891
176,mint,20718385687,461600000000,461236080510,8,executed,461236080510,20718385687
177,burn,3851062526,461600000000,461011453862,13,executed,461011453862,-3851062526
178,mint,97171272,461600000000,461831241485,6,executed,461831241485,97171272
179,burn,2298322741,461600000000,461829918608,5,executed,461829918608,-2298322741
180,mint,73653787,461600000000,461749489843,4,executed,461749489843,73653787
181,burn,1921685975,461600000000,461569152993,1,executed,461569152993,-1921685975
182,mint,95630178,461600000000,461790759673,5,executed,461790759673,95630178
183,burn,2812926,461600000000,461596461044,1,executed,461596461044,-2812926
184,mint,98957921883,461600000000,461878668042,7,executed,461878668042,98957921883
185,burn,1526965618,461600000000,461674991845,2,executed,461674991845,-1526965618
186,mint,426845460,461600000000,461407814416,5,executed,461407814416,426845460
187,burn,76432955692,461600000000,461711350464,3,executed,461711350464,-76432955692
188,mint,1030540218,461600000000,461608053972,1,executed,461608053972,1030540218
189,burn,77169259734,461600000000,461114757532,11,executed,461114757532,-77169259734
190,mint,1296790324,461600000000,461836591007,6,executed,461836591007,1296790324
191,burn,26860424522,461600000000,461798576774,5,executed,461798576774,-26860424522
192,mint,16727954834,461600000000,461709712540,3,executed,461709712540,16727954834
193,burn,735397776,461600000000,461193815022,9,executed,461193815022,-735397776
194,mint,4323934099,461600000000,461231927709,8,executed,461231927709,4323934099
195,burn,7291746078,461600000000,461533577729,2,executed,461533577729,-7291746078
196,mint,9883659,461600000000,461096804762,11,executed,461096804762,9883659
197,burn,12733041,461600000000,461691975162,2,executed,461691975162,-12733041
198,mint,40118974,461600000000,461746397959,4,executed,461746397959,40118974
199,burn,19584507,461600000000,461692463371,3,executed,461692463371,-19584507
200,mint,30395435,461600000000,461494968623,3,executed,461494968623,30395435
201,burn,1763530736,461600000000,461913488280,7,executed,461913488280,-1763530736
202,mint,324691993,461600000000,461165182320,10,executed,461165182320,324691993
203,burn,44316197968,461600000000,461189604912,9,executed,461189604912,-44316197968
204,mint,46440719938,461600000000,461593148313,1,executed,461593148313,46440719938
205,burn,30891690391,461600000000,461807861419,5,executed,461807861419,-30891690391
206,mint,5098564215,461600000000,461832437883,6,executed,461832437883,5098564215
207,burn,65370953099,461600000000,461205365789,9,executed,461205365789,-65370953099
208,mint,16432205,461600000000,461710425893,3,executed,461710425893,16432205
209,burn,14750136,461600000000,461650513648,2,executed,461650513648,-14750136
210,mint,1586878,461600000000,461371406765,5,executed,461371406765,1586878
211,burn,1703886,461600000000,461692239526,2,executed,461692239526,-1703886
212,mint,6239598,461600000000,461498603370,3,executed,461498603370,6239598
213,burn,1489003,461600000000,461467452537,3,executed,461467452537,-1489003
214,mint,1939245,461600000000,462084852454,11,executed,462084852454,1939245
215,burn,67176421929,461600000000,461202193880,9,executed,461202193880,-67176421929
216,mint,2126178,461600000000,461589373776,1,executed,461589373776,2126178
217,burn,4262825,461600000000,461863102524,6,executed,461863102524,-4262825
218,mint,2748242,461600000000,461468177797,3,executed,461468177797,2748242
219,burn,6323392372,461600000000,461443529434,4,executed,461443529434,-6323392372
220,mint,150581337,461600000000,461586892614,1,executed,461586892614,150581337
221,burn,61853482,461600000000,461939747737,8,executed,461939747737,-61853482
222,mint,1334799280,461600000000,461522572919,2,executed,461522572919,1334799280
223,burn,14904757,461600000000,461620220036,1,executed,461620220036,-14904757
224,mint,34904484,461600000000,461706246012,3,executed,461706246012,34904484
225,burn,188985203,461600000000,461781703548,4,executed,461781703548,-188985203
226,mint,24609361694,461600000000,461565793267,1,executed,461565793267,24609361694
227,burn,1858505325,461600000000,461558606576,1,executed,461558606576,-1858505325
228,mint,70364166127,461600000000,461313974868,7,executed,461313974868,70364166127
229,burn,19171400,461600000000,461545261769,2,executed,461545261769,-19171400
230,mint,33344205061,461600000000,461559733122,1,executed,461559733122,33344205061
231,burn,5916823731,461600000000,461703483556,3,executed,461703483556,-5916823731
232,mint,234983289,461600000000,461313699381,7,executed,461313699381,234983289
233,burn,1280532507,461600000000,461766604156,4,executed,461766604156,-1280532507
234,mint,141057584,461600000000,461614424751,1,executed,461614424751,141057584
235,burn,1503849,461600000000,461821542757,5,executed,461821542757,-1503849
236,mint,3658360,461600000000,461209928469,9,executed,461209928469,3658360
237,burn,1104648,461600000000,461529289978,2,executed,461529289978,-1104648
238,mint,132623460,461600000000,461596663209,1,executed,461596663209,132623460
239,burn,57036817704,461600000000,461834457746,6,executed,461834457746,-57036817704
240,mint,17961692450,461600000000,461873019684,6,executed,461873019684,17961692450
241,burn,1731463586,461600000000,461639111121,1,executed,461639111121,-1731463586
242,mint,3302250,461600000000,461732413699,3,executed,461732413699,3302250
243,burn,13422413,461600000000,461691908451,2,executed,461691908451,-13422413
244,mint,36510227091,461600000000,461758266096,4,executed,461758266096,36510227091
245,burn,46101641,461600000000,461751911366,4,executed,461751911366,-46101641
246,mint,12054771,461600000000,461583619881,1,executed,461583619881,12054771
247,burn,15810774,461600000000,461545311562,2,executed,461545311562,-15810774
248,mint,1656492540,461600000000,461690339274,2,executed,461690339274,1656492540
249,burn,113405607,461600000000,461524474190,2,executed,461524474190,-113405607
250,mint,16410603203,461600000000,461207112014,9,executed,461207112014,16410603203
251,burn,22067457,461600000000,462105723210,11,executed,462105723210,-22067457
252,mint,21492649,461600000000,461634686668,1,executed,461634686668,21492649
253,burn,18831004815,461600000000,461778588887,4,executed,461778588887,-18831004815
254,mint,22237700,461600000000,461566700128,1,executed,461566700128,22237700
255,burn,6775923,461600000000,461917889077,7,executed,461917889077,-6775923
256,mint,13942907,461600000000,461574742006,1,executed,461574742006,13942907
257,burn,86300178956,461600000000,462000085186,9,executed,462000085186,-86300178956
258,mint,4272062,461600000000,461654977833,2,executed,461654977833,4272062
259,burn,57763979854,461600000000,461074906014,12,executed,461074906014,-57763979854
260,mint,1157098,461600000000,461701619783,3,executed,461701619783,1157098
261,burn,19631767111,461600000000,461407992548,5,executed,461407992548,-19631767111
262,mint,18572231,461600000000,461697805685,3,executed,461697805685,18572231
263,burn,82865450661,461600000000,461736149600,3,executed,461736149600,-82865450661
264,mint,11833578,461600000000,461785277677,5,executed,461785277677,11833578
265,burn,9782474,461600000000,461644493071,1,executed,461644493071,-9782474
266,mint,1370035274,461600000000,461411395330,5,executed,461411395330,1370035274
267,burn,1313155,461600000000,461653823343,2,executed,461653823343,-1313155
268,mint,1536401530,461600000000,461537564050,2,executed,461537564050,1536401530
269,burn,53502857,461600000000,461659898209,2,executed,461659898209,-53502857
270,mint,1628034734,461600000000,461601595502,1,executed,461601595502,1628034734
271,burn,20085612,461600000000,461294962247,7,executed,461294962247,-20085612
272,mint,4198154,461600000000,461770964843,4,executed,461770964843,4198154
273,burn,1635140,461600000000,461561543528,1,executed,461561543528,-1635140
274,mint,54840296644,461600000000,461179693189,10,executed,461179693189,54840296644
275,burn,14691387715,461600000000,461910432807,7,executed,461910432807,-14691387715
276,mint,436686793,461600000000,461317111974,7,executed,461317111974,436686793
277,burn,35870618,461600000000,461241938291,8,executed,461241938291,-35870618
278,mint,101284689,461600000000,462120458107,12,executed,462120458107,101284689
279,burn,2844331072,461600000000,461606822194,1,executed,461606822194,-2844331072
280,mint,2857677,461600000000,461801737574,5,executed,461801737574,2857677
281,burn,11657937310,461600000000,461349651885,6,executed,461349651885,-11657937310
282,mint,12184732,461600000000,461496892005,3,executed,461496892005,12184732
283,burn,1008260,461600000000,461694437332,3,executed,461694437332,-1008260
284,mint,4271437773,461600000000,461583919199,1,executed,461583919199,4271437773
285,burn,2306617,461600000000,462033491546,10,executed,462033491546,-2306617
286,mint,237954234,461600000000,461869898236,6,executed,461869898236,237954234
287,burn,1079921,461600000000,461254917319,8,executed,461254917319,-1079921
288,mint,2215892,461600000000,461444915136,4,executed,461444915136,2215892
289,burn,76237102530,461600000000,461244907947,8,executed,461244907947,-76237102530
290,mint,1262216858,461600000000,461839073006,6,executed,461839073006,1262216858
291,burn,5684679,461600000000,461865028440,6,executed,461865028440,-5684679
292,mint,274466675,461600000000,461506329145,3,executed,461506329145,274466675
293,burn,3465877,461600000000,461342560522,6,executed,461342560522,-3465877
294,mint,4522887,461600000000,461827844392,5,executed,461827844392,4522887
295,burn,28255728556,461600000000,461435925132,4,executed,461435925132,-28255728556
296,mint,583307986,461600000000,461225163940,9,executed,461225163940,583307986
297,burn,98765412,461600000000,461522106767,2,executed,461522106767,-98765412
298,mint,547490600,461600000000,461274518032,8,executed,461274518032,547490600
299,burn,79944567,461600000000,461528270682,2,executed,461528270682,-79944567
300,mint,1469012,461600000000,461439696831,4,executed,461439696831,1469012
301,burn,4209133,461600000000,461486487351,3,executed,461486487351,-4209133
302,mint,3956927278,461600000000,461576823631,1,executed,461576823631,3956927278
303,burn,30352285319,461600000000,461846599927,6,executed,461846599927,-30352285319
304,mint,9277359,461600000000,462107248065,11,executed,462107248065,9277359
305,burn,1456594,461600000000,462013232127,9,executed,462013232127,-1456594
306,mint,510832414,461600000000,461693363961,3,executed,461693363961,510832414
307,burn,15204510051,461600000000,461927700999,8,executed,461927700999,-15204510051
308,mint,4191042,461600000000,461615150434,1,executed,461615150434,4191042
309,burn,15547472,461600000000,461781249307,4,executed,461781249307,-15547472
310,mint,61671834078,461600000000,461372438617,5,executed,461372438617,61671834078
311,burn,2369058,461600000000,462048163870,10,executed,462048163870,-2369058
312,mint,6640194,461600000000,461357473059,6,executed,461357473059,6640194
313,burn,19455835785,461600000000,461745216288,4,executed,461745216288,-19455835785
314,mint,860832142,461600000000,461364621381,6,executed,461364621381,860832142
315,burn,303377079,461600000000,461701917590,3,executed,461701917590,-303377079
316,mint,1802423,461600000000,461584727826,1,executed,461584727826,1802423
317,burn,47460006,461600000000,461461178514,4,executed,461461178514,-47460006
318,mint,1541765266,461600000000,461862809592,6,executed,461862809592,1541765266
319,burn,2964734,461600000000,461832648972,6,executed,461832648972,-2964734
320,mint,2176020260,461600000000,461537559261,2,executed,461537559261,2176020260
321,burn,34219713,461600000000,461512217662,2,executed,461512217662,-34219713
322,mint,23199516899,461600000000,461732527020,3,executed,461732527020,23199516899
323,burn,9302658687,461600000000,461838956960,6,executed,461838956960,-9302658687
324,mint,3606644644,461600000000,461717544519,3,executed,461717544519,3606644644
325,burn,1409578160,461600000000,461690033961,2,executed,461690033961,-1409578160
326,mint,339122131,461600000000,461851077227,6,executed,461851077227,339122131
327,burn,362111141,461600000000,461599056343,1,executed,461599056343,-362111141
328,mint,6874584061,461600000000,461107008666,11,executed,461107008666,6874584061
329,burn,2794046442,461600000000,461898057213,7,executed,461898057213,-2794046442
330,mint,29777040199,461600000000,461918032759,7,executed,461918032759,29777040199
331,burn,120910867,461600000000,461428420283,4,executed,461428420283,-120910867
332,mint,568051035,461600000000,461676094479,2,executed,461676094479,568051035
333,burn,678217830,461600000000,461608423625,1,executed,461608423625,-678217830
334,mint,43436287142,461600000000,461762183680,4,executed,461762183680,43436287142
335,burn,2535647,461600000000,461630211564,1,executed,461630211564,-2535647
336,mint,280085112,461600000000,461564191104,1,executed,461564191104,280085112
337,burn,364582574,461600000000,461984469422,9,executed,461984469422,-364582574
338,mint,2729666724,461600000000,461753248202,4,executed,461753248202,2729666724
339,burn,4294041542,461600000000,462092953041,11,executed,462092953041,-4294041542
340,mint,254366146,461600000000,461615131984,1,executed,461615131984,254366146
341,burn,1096856420,461600000000,461421943323,4,executed,461421943323,-1096856420
342,mint,29179274,461600000000,462038442503,10,executed,462038442503,29179274
343,burn,15253681482,461600000000,461289615152,7,executed,461289615152,-15253681482
344,mint,64497196,461600000000,461564738726,1,executed,461564738726,64497196
345,burn,2167549280,461600000000,461454666168,4,executed,461454666168,-2167549280
346,mint,7034780,461600000000,461633483737,1,executed,461633483737,7034780
347,burn,139554515,461600000000,461736671680,3,executed,461736671680,-139554515
348,mint,8202227,461600000000,461485076483,3,executed,461485076483,8202227
349,burn,5288963,461600000000,461146228949,10,executed,461146228949,-5288963
350,mint,36219701069,461600000000,461176526775,10,executed,461176526775,36219701069
351,burn,11768244,461600000000,461405794745,5,executed,461405794745,-11768244
352,mint,48826579,461600000000,461709580933,3,executed,461709580933,48826579
353,burn,1945767725,461600000000,461443753976,4,executed,461443753976,-1945767725
354,mint,68876738085,461600000000,461754233057,4,executed,461754233057,68876738085
355,burn,32213433,461600000000,461425931959,4,executed,461425931959,-32213433
356,mint,294818397,461600000000,461792365102,5,executed,461792365102,294818397
357,burn,523937559,461600000000,461358509383,6,executed,461358509383,-523937559
358,mint,42492822,461600000000,461492206725,3,executed,461492206725,42492822
359,burn,53092886,461600000000,461275509049,8,executed,461275509049,-53092886
360,mint,47909791,461600000000,461598630132,1,executed,461598630132,47909791
361,burn,1717442100,461600000000,461319088778,7,executed,461319088778,-1717442100
362,mint,9043687555,461600000000,462062426563,11,executed,462062426563,9043687555
363,burn,381285798,461600000000,461771783636,4,executed,461771783636,-381285798
364,mint,1749403,461600000000,461343613178,6,executed,461343613178,1749403
365,burn,3149935662,461600000000,461856800248,6,executed,461856800248,-3149935662
366,mint,74818824,461600000000,461813657880,5,executed,461813657880,74818824
367,burn,1466333,461600000000,462149229526,12,executed,462149229526,-1466333
368,mint,375684643,461600000000,461345650592,6,executed,461345650592,375684643
369,burn,9709163898,461600000000,461599369668,1,executed,461599369668,-9709163898
370,mint,57921900191,461600000000,461604570491,1,executed,461604570491,57921900191
371,burn,35559541,461600000000,461082462205,12,executed,461082462205,-35559541
372,mint,6356078,461600000000,461687365091,2,executed,461687365091,6356078
373,burn,1114960,461600000000,461826257487,5,executed,461826257487,-1114960
374,mint,18932493,461600000000,461933860076,8,executed,461933860076,18932493
375,burn,32160927,461600000000,461789824356,5,executed,461789824356,-32160927
376,mint,1916991,461600000000,461583632416,1,executed,461583632416,1916991
377,burn,10106104300,461600000000,461331546273,6,executed,461331546273,-10106104300
378,mint,2127520,461600000000,461562823698,1,executed,461562823698,2127520
379,burn,7555893799,461600000000,461582300253,1,executed,461582300253,-7555893799
380,mint,1696471447,461600000000,461539190834,2,executed,461539190834,1696471447
381,burn,4725590,461600000000,461423133950,4,executed,461423133950,-4725590
382,mint,65810155167,461600000000,461767737945,4,executed,461767737945,65810155167
383,burn,5224671981,461600000000,461514433210,2,executed,461514433210,-5224671981
384,mint,771475840,461600000000,461414138033,5,executed,461414138033,771475840
385,burn,6620760,461600000000,461669834426,2,executed,461669834426,-6620760
386,mint,18187438,461600000000,461687834956,2,executed,461687834956,18187438
387,burn,35482623549,461600000000,461499582696,3,executed,461499582696,-35482623549
388,mint,65492990564,461600000000,461589585619,1,executed,461589585619,65492990564
389,burn,147964458,461600000000,461651886043,2,executed,461651886043,-147964458
390,mint,4364635,461600000000,462216675923,14,executed,462216675923,4364635
391,burn,9390062,461600000000,461584454885,1,executed,461584454885,-9390062
392,mint,15519977,461600000000,461440618222,4,executed,461440618222,15519977
393,burn,157745445,461600000000,461484806835,3,executed,461484806835,-157745445
394,mint,30687541789,461600000000,461472888407,3,executed,461472888407,30687541789
395,burn,10200489860,461600000000,461669429344,2,executed,461669429344,-10200489860
396,mint,68940885418,461600000000,462020609460,10,executed,462020609460,68940885418
397,burn,1443273149,461600000000,461386013905,5,executed,461386013905,-1443273149
398,mint,9846034179,461600000000,461802923284,5,executed,461802923284,9846034179
399,burn,2082490,461600000000,461903255587,7,executed,461903255587,-2082490
400,mint,90067452,461600000000,461483867214,3,executed,461483867214,90067452
401,burn,94086892954,461600000000,461635484836,1,executed,461635484836,-94086892954
402,mint,9394041099,461600000000,461396355183,5,executed,461396355183,9394041099
403,burn,24310562,461600000000,461790917336,5,executed,461790917336,-24310562
404,mint,21949594,461600000000,462114205768,12,executed,462114205768,21949594
405,burn,35425621876,461600000000,461191806971,9,executed,461191806971,-35425621876
406,mint,11466641236,461600000000,461498064453,3,executed,461498064453,11466641236
407,burn,3499934232,461600000000,461362417192,6,executed,461362417192,-3499934232
408,mint,29111647574,461600000000,461760833535,4,executed,461760833535,29111647574
409,burn,17690619734,461600000000,461324942991,6,executed,461324942991,-17690619734
410,mint,60661952084,461600000000,461592413260,1,executed,461592413260,60661952084
411,burn,3482447,461600000000,461523859018,2,executed,461523859018,-3482447
412,mint,9865713,461600000000,461667058762,2,executed,461667058762,9865713
413,burn,645208613,461600000000,461627399194,1,executed,461627399194,-645208613
414,mint,12588869,461600000000,461365161382,6,executed,461365161382,12588869
415,burn,4405540,461600000000,461251465170,8,executed,461251465170,-4405540
416,mint,1636820717,461600000000,461758718045,4,executed,461758718045,1636820717
417,burn,906687258,461600000000,461304939390,7,executed,461304939390,-906687258
418,mint,862982090,461600000000,461550051499,2,executed,461550051499,862982090
419,burn,146348095,461600000000,461851196202,6,executed,461851196202,-146348095
420,mint,1729300,461600000000,461622779753,1,executed,461622779753,1729300
421,burn,1143298,461600000000,461516252400,2,executed,461516252400,-1143298
422,mint,1265111,461600000000,461571442586,1,executed,461571442586,1265111
423,burn,4531221895,461600000000,461643533519,1,executed,461643533519,-4531221895
424,mint,8694342257,461600000000,461547651356,2,executed,461547651356,8694342257
425,burn,75385988927,461600000000,461951247040,8,executed,461951247040,-75385988927
426,mint,4665286337,461600000000,461616283953,1,executed,461616283953,4665286337
427,burn,363528895,461600000000,461988411564,9,executed,461988411564,-363528895
428,mint,114035884,461600000000,461573664648,1,executed,461573664648,114035884
429,burn,1027969,461600000000,461549445417,2,executed,461549445417,-1027969
430,mint,1885988962,461600000000,461435479429,4,executed,461435479429,1885988962
431,burn,127566427,461600000000,461537445997,2,executed,461537445997,-127566427
432,mint,78087991,461600000000,461680444184,2,executed,461680444184,78087991
433,burn,23511784,461600000000,461552118578,2,executed,461552118578,-23511784
434,mint,64656127080,461600000000,461078037039,12,executed,461078037039,64656127080
435,burn,42310536907,461600000000,461756634885,4,executed,461756634885,-42310536907
436,mint,9881049,461600000000,461518929821,2,executed,461518929821,9881049
437,burn,5959947,461600000000,461831454889,6,executed,461831454889,-5959947
438,mint,2444955,461600000000,461647785849,2,executed,461647785849,2444955
439,burn,2341930826,461600000000,461485418947,3,executed,461485418947,-2341930826
440,mint,161208395,461600000000,461425053274,4,executed,461425053274,161208395
441,burn,13575480363,461600000000,461505380197,3,executed,461505380197,-13575480363
442,mint,850778478,461600000000,461747565324,4,executed,461747565324,850778478
443,burn,5164396874,461600000000,461934748315,8,executed,461934748315,-5164396874
444,mint,1413357,461600000000,461534304280,2,executed,461534304280,1413357
445,burn,32965327815,461600000000,461700373662,3,executed,461700373662,-32965327815
446,mint,18437499090,461600000000,461536516868,2,executed,461536516868,18437499090
447,burn,3377071683,461600000000,461674138133,2,executed,461674138133,-3377071683
448,mint,95969370,461600000000,461590672674,1,executed,461590672674,95969370
449,burn,261652429,461600000000,461824422193,5,executed,461824422193,-261652429
450,mint,2207620531,461600000000,461594435069,1,executed,461594435069,2207620531
451,burn,4015342189,461600000000,461622627521,1,executed,461622627521,-4015342189
452,mint,2945135308,461600000000,461396883037,5,executed,461396883037,2945135308
453,burn,52368959,461600000000,461780627402,4,executed,461780627402,-52368959
454,mint,19031466,461600000000,461931848024,8,executed,461931848024,19031466
455,burn,2515616819,461600000000,461444905016,4,executed,461444905016,-2515616819
456,mint,4382795278,461600000000,461909410500,7,executed,461909410500,4382795278
457,burn,62279636557,461600000000,461740574964,4,executed,461740574964,-62279636557
458,mint,36300584262,461600000000,461426715792,4,executed,461426715792,36300584262
459,burn,87418697,461600000000,461697168491,3,executed,461697168491,-87418697
460,mint,3600016802,461600000000,461656357959,2,executed,461656357959,3600016802
461,burn,1800505406,461600000000,461538836526,2,executed,461538836526,-1800505406
462,mint,7020052,461600000000,461353795246,6,executed,461353795246,7020052
463,burn,26261137902,461600000000,461101909098,11,executed,461101909098,-26261137902
464,mint,203463278,461600000000,461890785272,7,executed,461890785272,203463278
465,burn,458364056,461600000000,461673527698,2,executed,461673527698,-458364056
466,mint,7647026437,461600000000,461535345343,2,executed,461535345343,7647026437
467,burn,10016427348,461600000000,461653209438,2,executed,461653209438,-10016427348
468,mint,9370922074,461600000000,461583501362,1,executed,461583501362,9370922074
469,burn,3660224698,461600000000,461765549922,4,executed,461765549922,-3660224698
470,mint,37031646817,461600000000,461885792726,7,executed,461885792726,37031646817
471,burn,207014204,461600000000,461528599658,2,executed,461528599658,-207014204
472,mint,688247192,461600000000,461512850730,2,executed,461512850730,688247192
473,burn,139254104,461600000000,461521253027,2,executed,461521253027,-139254104
474,mint,72198444807,461600000000,461164428743,10,executed,461164428743,72198444807
475,burn,6395078931,461600000000,461492187090,3,executed,461492187090,-6395078931
476,mint,3384778,461600000000,461461191944,4,executed,461461191944,3384778
477,burn,109152584,461600000000,461701418234,3,executed,461701418234,-109152584
478,mint,285886119,461600000000,461423549158,4,executed,461423549158,285886119
479,burn,1038533,461600000000,461497807598,3,executed,461497807598,-1038533
480,mint,25036358290,461600000000,461861468779,6,executed,461861468779,25036358290
481,burn,56736342564,461600000000,461496724063,3,executed,461496724063,-56736342564
482,mint,2291307,461600000000,461570168971,1,executed,461570168971,2291307
483,burn,24945735632,461600000000,461519196426,2,executed,461519196426,-24945735632
484,mint,19217430739,461600000000,461565440401,1,executed,461565440401,19217430739
485,burn,1132374638,461600000000,461297216051,7,executed,461297216051,-1132374638
486,mint,5440541105,461600000000,461420662989,4,executed,461420662989,5440541105
487,burn,4964097,461600000000,461284587056,7,executed,461284587056,-4964097
488,mint,4993957496,461600000000,461806999544,5,executed,461806999544,4993957496
489,burn,3508912,461600000000,461801012985,5,executed,461801012985,-3508912
490,mint,1102263,461600000000,461974476768,9,executed,461974476768,1102263
491,burn,8930126,461600000000,461650321511,2,executed,461650321511,-8930126
492,mint,5106445430,461600000000,461886099041,7,executed,461886099041,5106445430
493,burn,28567842,461600000000,461555498792,1,executed,461555498792,-28567842
494,mint,40437687394,461600000000,461437232391,4,executed,461437232391,40437687394
495,burn,11795777135,461600000000,461425787016,4,executed,461425787016,-11795777135
496,mint,71785945,461600000000,461811536959,5,executed,461811536959,71785945
497,burn,31891898,461600000000,461654013654,2,executed,461654013654,-31891898
498,mint,8184864,461600000000,461494253456,3,executed,461494253456,8184864
499,burn,9514002,461600000000,461518049783,2,executed,461518049783,-9514002
500,mint,12115881687,461600000000,461861768403,6,executed,461861768403,12115881687
501,burn,6711587,461600000000,461443234791,4,executed,461443234791,-6711587
502,mint,48893922364,461600000000,461638880161,1,executed,461638880161,48893922364
503,burn,64011331,461600000000,461728007189,3,executed,461728007189,-64011331
504,mint,2901097,461600000000,461356587453,6,executed,461356587453,2901097
505,burn,6098023895,461600000000,461692435040,3,executed,461692435040,-6098023895
506,mint,17666475,461600000000,461655010660,2,executed,461655010660,17666475
507,burn,3680931,461600000000,461443723534,4,executed,461443723534,-3680931
508,mint,49237833271,461600000000,461546071211,2,executed,461546071211,49237833271
509,burn,4081586592,461600000000,461413754981,5,executed,461413754981,-4081586592
510,mint,12635034894,461600000000,461482611861,3,executed,461482611861,12635034894
511,burn,306345491,461600000000,461985256739,9,executed,461985256739,-306345491
512,mint,155668112,461600000000,461579826011,1,executed,461579826011,155668112
513,burn,7631300421,461600000000,461707042230,3,executed,461707042230,-7631300421
514,mint,255367320,461600000000,461470132296,3,executed,461470132296,255367320
515,burn,422966742,461600000000,461642771849,1,executed,461642771849,-422966742
516,mint,80222337965,461600000000,461635370118,1,executed,461635370118,80222337965
517,burn,151991976,461600000000,461590081158,1,executed,461590081158,-151991976
518,mint,32324154353,461600000000,461563762681,1,executed,461563762681,32324154353
519,burn,33119782,461600000000,461649959304,2,executed,461649959304,-33119782
520,mint,8180751,461600000000,461837651364,6,executed,461837651364,8180751
521,burn,1957632396,461600000000,461822102230,5,executed,461822102230,-1957632396
522,mint,19114450064,461600000000,461590878510,1,executed,461590878510,19114450064
523,burn,3395382,461600000000,461287525634,7,executed,461287525634,-3395382
524,mint,11684910,461600000000,461363914982,6,executed,461363914982,11684910
525,burn,244001519,461600000000,461463697249,3,executed,461463697249,-244001519
526,mint,835348327,461600000000,461402775275,5,executed,461402775275,835348327
527,burn,2861201294,461600000000,461742376055,4,executed,461742376055,-2861201294
528,mint,57746301,461600000000,461452147752,4,executed,461452147752,57746301
529,burn,6674734,461600000000,461730782487,3,executed,461730782487,-6674734
530,mint,16493037338,461600000000,461808741198,5,executed,461808741198,16493037338
531,burn,19982199,461600000000,461338343185,6,executed,461338343185,-19982199
532,mint,1112209670,461600000000,461792806098,5,executed,461792806098,1112209670
533,burn,82011969,461600000000,461545929663,2,executed,461545929663,-82011969
534,mint,2068835,461600000000,461706361875,3,executed,461706361875,2068835
535,burn,10714529,461600000000,461442917365,4,executed,461442917365,-10714529
536,mint,1977481691,461600000000,461493719215,3,executed,461493719215,1977481691
537,burn,931508242,461600000000,461535311587,2,executed,461535311587,-931508242
538,mint,57664551,461600000000,461602272584,1,executed,461602272584,57664551
539,burn,3744938914,461600000000,461461962265,3,executed,461461962265,-3744938914
540,mint,3189177,461600000000,461518980646,2,executed,461518980646,3189177
541,burn,24850105,461600000000,461878520932,7,executed,461878520932,-24850105
542,mint,2552164,461600000000,461581415785,1,executed,461581415785,2552164
543,burn,9032287,461600000000,462089528786,11,executed,462089528786,-9032287
544,mint,325584710,461600000000,461777629667,4,executed,461777629667,325584710
545,burn,74895756490,461600000000,461554023920,1,executed,461554023920,-74895756490
546,mint,1776251352,461600000000,461734419257,3,executed,461734419257,1776251352
547,burn,149927704,461600000000,461809801467,5,executed,461809801467,-149927704
548,mint,7947164,461600000000,461429515226,4,executed,461429515226,7947164
549,burn,29413728565,461600000000,461772182551,4,executed,461772182551,-29413728565
550,mint,30222415795,461600000000,461353509383,6,executed,461353509383,30222415795
551,burn,65568944,461600000000,461178857768,10,executed,461178857768,-65568944
552,mint,4258028921,461600000000,461501170511,3,executed,461501170511,4258028921
553,burn,6840974109,461600000000,461281343987,7,executed,461281343987,-6840974109
554,mint,11089436780,461600000000,461701712603,3,executed,461701712603,11089436780
555,burn,275689657,461600000000,461653840449,2,executed,461653840449,-275689657
556,mint,175626780,461600000000,461606695246,1,executed,461606695246,175626780
557,burn,76273530,461600000000,461155650442,10,executed,461155650442,-76273530
558,mint,49541891714,461600000000,461614950133,1,executed,461614950133,49541891714
559,burn,9827728295,461600000000,461485723677,3,executed,461485723677,-9827728295
560,mint,2059792020,461600000000,461843987593,6,executed,461843987593,2059792020
561,burn,5357169968,461600000000,461481745197,3,executed,461481745197,-5357169968
562,mint,25939915,461600000000,461684457485,2,executed,461684457485,25939915
563,burn,2565593796,461600000000,461800674644,5,executed,461800674644,-2565593796
564,mint,422893201,461600000000,462200395643,14,executed,462200395643,422893201
565,burn,3606915715,461600000000,461568577453,1,executed,461568577453,-3606915715
566,mint,2148306701,461600000000,461805374683,5,executed,461805374683,2148306701
567,burn,1391300,461600000000,461494308571,3,executed,461494308571,-1391300
568,mint,16352203,461600000000,461628250048,1,executed,461628250048,16352203
569,burn,906324005,461600000000,461612096392,1,executed,461612096392,-906324005
570,mint,2631597805,461600000000,461682838841,2,executed,461682838841,2631597805
571,burn,2584744,461600000000,461614811597,1,executed,461614811597,-2584744
572,mint,4219801,461600000000,461298978949,7,executed,461298978949,4219801
573,burn,19888516,461600000000,461233739365,8,executed,461233739365,-19888516
574,mint,1866834190,461600000000,461677192039,2,executed,461677192039,1866834190
575,burn,2877871544,461600000000,461552814872,2,executed,461552814872,-2877871544
576,mint,2008091,461600000000,461673072245,2,executed,461673072245,2008091
577,burn,4104952,461600000000,461777608643,4,executed,461777608643,-4104952
578,mint,19408044955,461600000000,461610719995,1,executed,461610719995,19408044955
579,burn,122131156,461600000000,461790470222,5,executed,461790470222,-122131156
580,mint,1748232365,461600000000,461663235767,2,executed,461663235767,1748232365
581,burn,1518547472,461600000000,461928897577,8,executed,461928897577,-1518547472
582,mint,11193904,461600000000,461679964776,2,executed,461679964776,11193904
583,burn,1755487016,461600000000,461749296960,4,executed,461749296960,-1755487016
584,mint,37052568,461600000000,461538506442,2,executed,461538506442,37052568
585,burn,1199074872,461600000000,461523932149,2,executed,461523932149,-1199074872
586,mint,16548927,461600000000,461359387570,6,executed,461359387570,16548927
587,burn,212486548,461600000000,461339376142,6,executed,461339376142,-212486548
588,mint,378434936,461600000000,461701856779,3,executed,461701856779,378434936
589,burn,39766625,461600000000,461998541504,9,executed,461998541504,-39766625
590,mint,1020125114,461600000000,461611280104,1,executed,461611280104,1020125114
591,burn,856832901,461600000000,461670410933,2,executed,461670410933,-856832901
592,mint,44371363001,461600000000,461490177501,3,executed,461490177501,44371363001
593,burn,1694725618,461600000000,461487042424,3,executed,461487042424,-1694725618
594,mint,1300833179,461600000000,461781135625,4,executed,461781135625,1300833179
595,burn,8065937,461600000000,461873050947,6,executed,461873050947,-8065937
596,mint,13090216801,461600000000,461288892261,7,executed,461288892261,13090216801
597,burn,3619900,461600000000,461704043036,3,executed,461704043036,-3619900
598,mint,1609837,461600000000,461828917516,5,executed,461828917516,1609837
599,burn,67897413586,461600000000,461618419685,1,executed,461618419685,-67897413586
600,mint,3466319459,461600000000,461882393489,7,executed,461882393489,3466319459
601,burn,202003213,461600000000,461213116145,9,executed,461213116145,-202003213
602,mint,53345772912,461600000000,461440886716,4,executed,461440886716,53345772912
603,burn,46734877417,461600000000,461420080676,4,executed,461420080676,-46734877417
604,mint,28619747,461600000000,461753912130,4,executed,461753912130,28619747
605,burn,11121787,461600000000,461905365736,7,executed,461905365736,-11121787
606,mint,1133659,461600000000,461478533664,3,executed,461478533664,1133659
607,burn,23313696692,461600000000,461050980112,12,executed,461050980112,-23313696692
608,mint,13011017689,461600000000,462093014686,11,executed,462093014686,13011017689
609,burn,10335016786,461600000000,461539619967,2,executed,461539619967,-10335016786
610,mint,85135244951,461600000000,461738161150,3,executed,461738161150,85135244951
611,burn,3219626,461600000000,461500683844,3,executed,461500683844,-3219626
612,mint,3131694,461600000000,461656463347,2,executed,461656463347,3131694
613,burn,2829090,461600000000,461708253619,3,executed,461708253619,-2829090
614,mint,10585148,461600000000,461825565094,5,executed,461825565094,10585148
615,burn,90415892006,461600000000,461517458489,2,executed,461517458489,-90415892006
616,mint,20582652,461600000000,461233129418,8,executed,461233129418,20582652
617,burn,54216561104,461600000000,461101516435,11,executed,461101516435,-54216561104
618,mint,41105534,461600000000,461783119387,4,executed,461783119387,41105534
619,burn,1262737,461600000000,461751238447,4,executed,461751238447,-1262737
620,mint,2253724500,461600000000,461933743082,8,executed,461933743082,2253724500
621,burn,1578911513,461600000000,461890412078,7,executed,461890412078,-1578911513
622,mint,9276708,461600000000,461533207036,2,executed,461533207036,9276708
623,burn,75509714,461600000000,461771519061,4,executed,461771519061,-75509714
624,mint,1375139,461600000000,461585871845,1,executed,461585871845,1375139
625,burn,1727481247,461600000000,461578097019,1,executed,461578097019,-1727481247
626,mint,3186883679,461600000000,461714755773,3,executed,461714755773,3186883679
627,burn,68709551,461600000000,461685791972,2,executed,461685791972,-68709551
628,mint,306268617,461600000000,461897400238,7,executed,461897400238,306268617
629,burn,3855616,461600000000,461221238468,9,executed,461221238468,-3855616
630,mint,103406873,461600000000,461621649260,1,executed,461621649260,103406873
631,burn,76594139,461600000000,461509257513,2,executed,461509257513,-76594139
632,mint,5946924,461600000000,461383221601,5,executed,461383221601,5946924
633,burn,17640711922,461600000000,461607884249,1,executed,461607884249,-17640711922
634,mint,7702499,461600000000,461233127018,8,executed,461233127018,7702499
635,burn,19282422465,461600000000,461708829860,3,executed,461708829860,-19282422465
636,mint,2986492,461600000000,461641027364,1,executed,461641027364,2986492
637,burn,12617890,461600000000,462060968664,10,executed,462060968664,-12617890
638,mint,25003472184,461600000000,461647612716,2,executed,461647612716,25003472184
639,burn,3549653,461600000000,461736239457,3,executed,461736239457,-3549653
640,mint,5617603,461600000000,461380500630,5,executed,461380500630,5617603
641,burn,1000896846,461600000000,461230059964,9,executed,461230059964,-1000896846
642,mint,45644006074,461600000000,461326106185,6,executed,461326106185,45644006074
643,burn,85000078091,461600000000,461638540359,1,executed,461638540359,-85000078091
644,mint,50073776226,461600000000,461498051765,3,executed,461498051765,50073776226
645,burn,10701979,461600000000,461669388814,2,executed,461669388814,-10701979
646,mint,601492870,461600000000,461613998533,1,executed,461613998533,601492870
647,burn,4318465854,461600000000,461687746531,2,executed,461687746531,-4318465854
648,mint,334385463,461600000000,461775290620,4,executed,461775290620,334385463
649,burn,1144404,461600000000,461386545388,5,executed,461386545388,-1144404
650,mint,152810300,461600000000,461621027191,1,executed,461621027191,152810300
651,burn,1081944,461600000000,461825796549,5,executed,461825796549,-1081944
652,mint,14153970,461600000000,461732937092,3,executed,461732937092,14153970
653,burn,9274144,461600000000,461352480896,6,executed,461352480896,-9274144
654,mint,2068504991,461600000000,461731734938,3,executed,461731734938,2068504991
655,burn,408462566,461600000000,461487776022,3,executed,461487776022,-408462566
656,mint,8143715,461600000000,461184225735,10,executed,461184225735,8143715
657,burn,24445247,461600000000,461212331077,9,executed,461212331077,-24445247
658,mint,7224446624,461600000000,461545832915,2,executed,461545832915,7224446624
659,burn,26591150,461600000000,461814984224,5,executed,461814984224,-26591150
660,mint,96442343688,461600000000,461737250595,3,executed,461737250595,96442343688
661,burn,5540890,461600000000,461318496063,7,executed,461318496063,-5540890
662,mint,808515906,461600000000,461400381735,5,executed,461400381735,808515906
663,burn,16258612088,461600000000,461591411873,1,executed,461591411873,-16258612088
664,mint,191025135,461600000000,461800743323,5,executed,461800743323,191025135
665,burn,57212374245,461600000000,461744233579,4,executed,461744233579,-57212374245
666,mint,912961360,461600000000,461427259151,4,executed,461427259151,912961360
667,burn,10463042333,461600000000,461677745105,2,executed,461677745105,-10463042333
668,mint,1959811,461600000000,461513168314,2,executed,461513168314,1959811
669,burn,7762204208,461600000000,461634007428,1,executed,461634007428,-7762204208
670,mint,9981886,461600000000,461716247981,3,executed,461716247981,9981886
671,burn,70192582598,461600000000,461386403525,5,executed,461386403525,-70192582598
672,mint,684513201,461600000000,461430356618,4,executed,461430356618,684513201
673,burn,255333598,461600000000,461473467334,3,executed,461473467334,-255333598
674,mint,16108886,461600000000,461597026849,1,executed,461597026849,16108886
675,burn,23507226,461600000000,461764776510,4,executed,461764776510,-23507226
676,mint,7013895,461600000000,461698653578,3,executed,461698653578,7013895
677,burn,1290732067,461600000000,462021346645,10,executed,462021346645,-1290732067
678,mint,517192813,461600000000,461630117617,1,executed,461630117617,517192813
679,burn,15007240989,461600000000,461771017896,4,executed,461771017896,-15007240989
680,mint,38582900,461600000000,461526927301,2,executed,461526927301,38582900
681,burn,8437158,461600000000,461957992100,8,executed,461957992100,-8437158
682,mint,47809291829,461600000000,461331355277,6,executed,461331355277,47809291829
683,burn,350661048,461600000000,461598194015,1,executed,461598194015,-350661048
684,mint,2033406,461600000000,461730014729,3,executed,461730014729,2033406
685,burn,38151661,461600000000,461389187239,5,executed,461389187239,-38151661
686,mint,299281447,461600000000,461526954502,2,executed,461526954502,299281447
687,burn,5464263,461600000000,461655006008,2,executed,461655006008,-5464263
688,mint,3619753204,461600000000,461947922996,8,executed,461947922996,3619753204
689,burn,25628851337,461600000000,461350166942,6,executed,461350166942,-25628851337
690,mint,25166296,461600000000,461364094439,6,executed,461364094439,25166296
691,burn,26511138319,461600000000,461638464595,1,executed,461638464595,-26511138319
692,mint,1518185,461600000000,461864144432,6,executed,461864144432,1518185
693,burn,32995595,461600000000,461754105068,4,executed,461754105068,-32995595
694,mint,33937565527,461600000000,461695230489,3,executed,461695230489,33937565527
695,burn,58355331,461600000000,462019672584,10,executed,462019672584,-58355331
696,mint,2027955781,461600000000,461582421236,1,executed,461582421236,2027955781
697,burn,55188267317,461600000000,461671820063,2,executed,461671820063,-55188267317
698,mint,2987845,461600000000,461410784814,5,executed,461410784814,2987845
699,burn,2048141,461600000000,461503728016,3,executed,461503728016,-2048141
700,mint,1223482,461600000000,461802112481,5,executed,461802112481,1223482
701,burn,1293494,461600000000,461326394633,6,executed,461326394633,-1293494
702,mint,2035339769,461600000000,461674124498,2,executed,461674124498,2035339769
703,burn,2723958834,461600000000,461645063183,1,executed,461645063183,-2723958834
704,mint,45787144485,461600000000,461965270518,8,executed,461965270518,45787144485
705,burn,11870440,461600000000,461568663955,1,executed,461568663955,-11870440
706,mint,33641031,461600000000,461598214565,1,executed,461598214565,33641031
707,burn,70321393,461600000000,461564757574,1,executed,461564757574,-70321393
708,mint,7295510,461600000000,461417564443,4,executed,461417564443,7295510
709,burn,6912799,461600000000,461594238721,1,executed,461594238721,-6912799
710,mint,3174952683,461600000000,461284291668,7,executed,461284291668,3174952683
711,burn,5393089,461600000000,461380817389,5,executed,461380817389,-5393089
712,mint,97344845703,461600000000,461728864916,3,executed,461728864916,97344845703
713,burn,240476915,461600000000,461621735051,1,executed,461621735051,-240476915
714,mint,2916699979,461600000000,461815472201,5,executed,461815472201,2916699979
715,burn,234317673,461600000000,461662820442,2,executed,461662820442,-234317673
716,mint,353087894,461600000000,461576474758,1,executed,461576474758,353087894
717,burn,20308061290,461600000000,461577842696,1,executed,461577842696,-20308061290
718,mint,121447773,461600000000,461738510823,4,executed,461738510823,121447773
719,burn,13326192,461600000000,461589731997,1,executed,461589731997,-13326192
720,mint,12090662077,461600000000,461167669660,10,executed,461167669660,12090662077
721,burn,8652185918,461600000000,461552369630,2,executed,461552369630,-8652185918
722,mint,48277753,461600000000,461347332853,6,executed,461347332853,48277753
723,burn,44353801689,461600000000,461228401825,9,executed,461228401825,-44353801689
724,mint,67501544640,461600000000,461721028021,3,executed,461721028021,67501544640
725,burn,51032752556,461600000000,461541566981,2,executed,461541566981,-51032752556
726,mint,13011775748,461600000000,461226811967,9,executed,461226811967,13011775748
727,burn,2978943955,461600000000,461698290930,3,executed,461698290930,-2978943955
728,mint,47421995306,461600000000,461366092603,6,executed,461366092603,47421995306
729,burn,31955751318,461600000000,461651049269,2,executed,461651049269,-31955751318
730,mint,5172033016,461600000000,461309559855,7,executed,461309559855,5172033016
731,burn,6730541221,461600000000,461666321568,2,executed,461666321568,-6730541221
732,mint,213397046,461600000000,461752478260,4,executed,461752478260,213397046
733,burn,1321105,461600000000,461200674326,9,executed,461200674326,-1321105
734,mint,21739390,461600000000,461508700422,2,executed,461508700422,21739390
735,burn,4786042,461600000000,461248795800,8,executed,461248795800,-4786042
736,mint,251219325,461600000000,461568872914,1,executed,461568872914,251219325
737,burn,1396150761,461600000000,461417190594,4,executed,461417190594,-1396150761
738,mint,1160393,461600000000,461702704813,3,executed,461702704813,1160393
739,burn,14411772356,461600000000,461461435749,4,executed,461461435749,-14411772356
740,mint,36808457923,461600000000,461425809607,4,executed,461425809607,36808457923
741,burn,37806357,461600000000,461471492200,3,executed,461471492200,-37806357
742,mint,3461664,461600000000,461639322197,1,executed,461639322197,3461664
743,burn,116607340,461600000000,461200156825,9,executed,461200156825,-116607340
744,mint,173142181,461600000000,461350651811,6,executed,461350651811,173142181
745,burn,28093067710,461600000000,461852263442,6,executed,461852263442,-28093067710
746,mint,41887557,461600000000,461371451015,5,executed,461371451015,41887557
747,burn,74036782315,461600000000,461427526151,4,executed,461427526151,-74036782315
748,mint,72812085,461600000000,461815352952,5,executed,461815352952,72812085
749,burn,3052111,461600000000,461693067693,3,executed,461693067693,-3052111
750,mint,963529454,461600000000,461417863134,4,executed,461417863134,963529454
751,burn,22702861,461600000000,461404643395,5,executed,461404643395,-22702861
752,mint,1536814,461600000000,461914397406,7,executed,461914397406,1536814
753,burn,10099006,461600000000,462059060095,10,executed,462059060095,-10099006
754,mint,43809217920,461600000000,461542626673,2,executed,461542626673,43809217920
755,burn,4869313923,461600000000,461605166855,1,executed,461605166855,-4869313923
756,mint,13852181,461600000000,461499977157,3,executed,461499977157,13852181
757,burn,44463569,461600000000,461487021827,3,executed,461487021827,-44463569
758,mint,1125047082,461600000000,461640549482,1,executed,461640549482,1125047082
759,burn,13262977606,461600000000,462122441264,12,executed,462122441264,-13262977606
760,mint,1068706457,461600000000,461533448914,2,executed,461533448914,1068706457
761,burn,49236826721,461600000000,461753161974,4,executed,461753161974,-49236826721
762,mint,41385919,461600000000,461812010090,5,executed,461812010090,41385919
763,burn,38340906750,461600000000,461175442946,10,executed,461175442946,-38340906750
764,mint,259314120,461600000000,461723819675,3,executed,461723819675,259314120
765,burn,23085659,461600000000,461331126178,6,executed,461331126178,-23085659
766,mint,1055857,461600000000,461644155758,1,executed,461644155758,1055857
767,burn,41065356232,461600000000,461581095153,1,executed,461581095153,-41065356232
768,mint,23132090875,461600000000,461511138979,2,executed,461511138979,23132090875
769,burn,3546856,461600000000,461956770236,8,executed,461956770236,-3546856
770,mint,29100751884,461600000000,461202374214,9,executed,461202374214,29100751884
771,burn,4758789,461600000000,462128424439,12,executed,462128424439,-4758789
772,mint,1490549983,461600000000,461696634507,3,executed,461696634507,1490549983
773,burn,1719352317,461600000000,461602653939,1,executed,461602653939,-1719352317
774,mint,2742818,461600000000,461348345401,6,executed,461348345401,2742818
775,burn,379466177,461600000000,461686848100,2,executed,461686848100,-379466177
776,mint,839187227,461600000000,461628073837,1,executed,461628073837,839187227
777,burn,7332169342,461600000000,461594399811,1,executed,461594399811,-7332169342
778,mint,353352072,461600000000,461698883033,3,executed,461698883033,353352072
779,burn,64944805,461600000000,461668284262,2,executed,461668284262,-64944805
780,mint,6825274712,461600000000,461585518055,1,executed,461585518055,6825274712
781,burn,14135627327,461600000000,461395463238,5,executed,461395463238,-14135627327
782,mint,6459555433,461600000000,462148961285,12,executed,462148961285,6459555433
783,burn,8861952401,461600000000,461151941570,10,executed,461151941570,-8861952401
784,mint,40678064,461600000000,461646280433,2,executed,461646280433,40678064
785,burn,8605814,461600000000,461669972459,2,executed,461669972459,-8605814
786,mint,2514632,461600000000,461430599870,4,executed,461430599870,2514632
787,burn,2378829,461600000000,462205557795,14,executed,462205557795,-2378829
788,mint,27393123,461600000000,461702181643,3,executed,461702181643,27393123
789,burn,3125283,461600000000,461840356779,6,executed,461840356779,-3125283
790,mint,3295892044,461600000000,461721085317,3,executed,461721085317,3295892044
791,burn,1224747,461600000000,461535980085,2,executed,461535980085,-1224747
792,mint,79411269094,461600000000,461819759330,5,executed,461819759330,79411269094
793,burn,31617788,461600000000,461618068842,1,executed,461618068842,-31617788
794,mint,53215282,461600000000,461404258669,5,executed,461404258669,53215282
795,burn,9086851,461600000000,461771720965,4,executed,461771720965,-9086851
796,mint,6824313993,461600000000,461272245461,8,executed,461272245461,6824313993
797,burn,1583009946,461600000000,461625547774,1,executed,461625547774,-1583009946
798,mint,949520204,461600000000,461933183390,8,executed,461933183390,949520204
799,burn,60808389800,461600000000,461743226643,4,executed,461743226643,-60808389800
800,mint,30957549,461600000000,461944662633,8,executed,461944662633,30957549
801,burn,11811967976,461600000000,461739050425,4,executed,461739050425,-11811967976
802,mint,47836670991,461600000000,461721870478,3,executed,461721870478,47836670991
803,burn,7619803232,461600000000,461732952599,3,executed,461732952599,-7619803232
804,mint,42429445155,461600000000,462407777847,18,executed,462407777847,42429445155
805,burn,13965998462,461600000000,461591174954,1,executed,461591174954,-13965998462
806,mint,1800038,461600000000,461829188973,5,executed,461829188973,1800038
807,burn,74229333367,461600000000,461772451989,4,executed,461772451989,-74229333367
808,mint,15460962,461600000000,461636980304,1,executed,461636980304,15460962
809,burn,2116746407,461600000000,461627829947,1,executed,461627829947,-2116746407
810,mint,1456502470,461600000000,461564264810,1,executed,461564264810,1456502470
811,burn,2550411812,461600000000,461904563915,7,executed,461904563915,-2550411812
812,mint,9799384,461600000000,461895048534,7,executed,461895048534,9799384
813,burn,119571493,461600000000,461407238607,5,executed,461407238607,-119571493
814,mint,1835338902,461600000000,461207409984,9,executed,461207409984,1835338902
815,burn,10387380254,461600000000,461871902200,6,executed,461871902200,-10387380254
816,mint,12248306,461600000000,461638825788,1,executed,461638825788,12248306
817,burn,17141805082,461600000000,461765443750,4,executed,461765443750,-17141805082
818,mint,217032591,461600000000,461588762268,1,executed,461588762268,217032591
819,burn,1382922,461600000000,461616126984,1,executed,461616126984,-1382922
820,mint,1508851193,461600000000,461461281049,4,executed,461461281049,1508851193
821,burn,10352763900,461600000000,461447520431,4,executed,461447520431,-10352763900
822,mint,118451056,461600000000,461802273244,5,executed,461802273244,118451056
823,burn,3022776,461600000000,461508189698,2,executed,461508189698,-3022776
824,mint,26373346,461600000000,461111919101,11,executed,461111919101,26373346
825,burn,6875013536,461600000000,461307433321,7,executed,461307433321,-6875013536
826,mint,50256357587,461600000000,461589682585,1,executed,461589682585,50256357587
827,burn,16895641,461600000000,461515195019,2,executed,461515195019,-16895641
828,mint,10338553,461600000000,461034514010,13,executed,461034514010,10338553
829,burn,2189869498,461600000000,461724164530,3,executed,461724164530,-2189869498
830,mint,38558594,461600000000,461587855795,1,executed,461587855795,38558594
831,burn,5224100387,461600000000,461491319243,3,executed,461491319243,-5224100387
832,mint,9126219192,461600000000,461687760037,2,executed,461687760037,9126219192
833,burn,10206156,461600000000,461737415301,3,executed,461737415301,-10206156
834,mint,664258173,461600000000,461608781562,1,executed,461608781562,664258173
835,burn,36973468,461600000000,461714444865,3,executed,461714444865,-36973468
836,mint,1890453438,461600000000,462167878702,13,executed,462167878702,1890453438
837,burn,87785243,461600000000,461313793780,7,executed,461313793780,-87785243
838,mint,2547341037,461600000000,461763955077,4,executed,461763955077,2547341037
839,burn,82474670,461600000000,461696843372,3,executed,461696843372,-82474670
840,mint,1280151574,461600000000,461405853290,5,executed,461405853290,1280151574
841,burn,28071324,461600000000,461701669322,3,executed,461701669322,-28071324
842,mint,13833797791,461600000000,461703235368,3,executed,461703235368,13833797791
843,burn,86893363,461600000000,461727240898,3,executed,461727240898,-86893363
844,mint,691163213,461600000000,461858587125,6,executed,461858587125,691163213
845,burn,78468978601,461600000000,461415518194,4,executed,461415518194,-78468978601
846,mint,881604713,461600000000,461574289311,1,executed,461574289311,881604713
847,burn,1093961378,461600000000,461406402853,5,executed,461406402853,-1093961378
848,mint,73460239,461600000000,461506681177,3,executed,461506681177,73460239
849,burn,134620515,461600000000,461983979872,9,executed,461983979872,-134620515
850,mint,27114777,461600000000,461637345767,1,executed,461637345767,27114777
851,burn,3091937,461600000000,461092418449,11,executed,461092418449,-3091937
852,mint,13927605439,461600000000,461565093352,1,executed,461565093352,13927605439
853,burn,5968545776,461600000000,461276241288,8,executed,461276241288,-5968545776
854,mint,1381618,461600000000,461446609128,4,executed,461446609128,1381618
855,burn,8716636110,461600000000,461540689119,2,executed,461540689119,-8716636110
856,mint,1010233,461600000000,461643789219,1,executed,461643789219,1010233
857,burn,441057147,461600000000,461075232143,12,executed,461075232143,-441057147
858,mint,4767487,461600000000,461328246297,6,executed,461328246297,4767487
859,burn,481408002,461600000000,461553341677,2,executed,461553341677,-481408002
860,mint,163440026,461600000000,461510563822,2,executed,461510563822,163440026
861,burn,40947103,461600000000,461895545420,7,executed,461895545420,-40947103
862,mint,12971069360,461600000000,461638425007,1,executed,461638425007,12971069360
863,burn,90520999679,461600000000,461668854258,2,executed,461668854258,-90520999679
864,mint,5311216,461600000000,461699029116,3,executed,461699029116,5311216
865,burn,650183691,461600000000,461896216426,7,executed,461896216426,-650183691
866,mint,24443145,461600000000,461891142353,7,executed,461891142353,24443145
867,burn,433293203,461600000000,461840860706,6,executed,461840860706,-433293203
868,mint,2138757,461600000000,461333846392,6,executed,461333846392,2138757
869,burn,986918677,461600000000,461372517581,5,executed,461372517581,-986918677
870,mint,39956393,461600000000,461558235798,1,executed,461558235798,39956393
871,burn,621240342,461600000000,461632487887,1,executed,461632487887,-621240342
872,mint,6233591019,461600000000,461670984729,2,executed,461670984729,6233591019
873,burn,69078557192,461600000000,461673792645,2,executed,461673792645,-69078557192
874,mint,4075882383,461600000000,461368584726,6,executed,461368584726,4075882383
875,burn,2916610264,461600000000,461324238345,6,executed,461324238345,-2916610264
876,mint,417368618,461600000000,461929526023,8,executed,461929526023,417368618
877,burn,15006732,461600000000,461318641730,7,executed,461318641730,-15006732
878,mint,32750486316,461600000000,461512741913,2,executed,461512741913,32750486316
879,burn,37200542497,461600000000,461932796490,8,executed,461932796490,-37200542497
880,mint,5957515213,461600000000,462317879172,16,executed,462317879172,5957515213
881,burn,9620798734,461600000000,461532389620,2,executed,461532389620,-9620798734
882,mint,199387205,461600000000,461603466456,1,executed,461603466456,199387205
883,burn,1447960,461600000000,461722434821,3,executed,461722434821,-1447960
884,mint,7441530478,461600000000,461441253253,4,executed,461441253253,7441530478
885,burn,8176139,461600000000,460889448787,16,executed,460889448787,-8176139
886,mint,24897054,461600000000,462242053549,14,executed,462242053549,24897054
887,burn,1389147613,461600000000,461694040185,3,executed,461694040185,-1389147613
888,mint,6153760443,461600000000,461495056711,3,executed,461495056711,6153760443
889,burn,8174800,461600000000,461662444619,2,executed,461662444619,-8174800
890,mint,2153601278,461600000000,461654640686,2,executed,461654640686,2153601278
891,burn,16281202,461600000000,461785105853,5,executed,461785105853,-16281202
892,mint,44927643308,461600000000,461620512277,1,executed,461620512277,44927643308
893,burn,184936884,461600000000,461732854721,3,executed,461732854721,-184936884
894,mint,9028751,461600000000,462158747772,13,executed,462158747772,9028751
895,burn,155859111,461600000000,461572378463,1,executed,461572378463,-155859111
896,mint,155799686,461600000000,461706519740,3,executed,461706519740,155799686
897,burn,2454105,461600000000,461291641687,7,executed,461291641687,-2454105
898,mint,18843132807,461600000000,461383397671,5,executed,461383397671,18843132807
899,burn,8241625,461600000000,461378301145,5,executed,461378301145,-8241625
900,mint,14277051,461600000000,461820828175,5,executed,461820828175,14277051
901,burn,66665836009,461600000000,461705810200,3,executed,461705810200,-66665836009
902,mint,95504009,461600000000,461733248679,3,executed,461733248679,95504009
903,burn,1683504705,461600000000,461301717066,7,executed,461301717066,-1683504705
904,mint,850370063,461600000000,461684636765,2,executed,461684636765,850370063
905,burn,7580513024,461600000000,461494056628,3,executed,461494056628,-7580513024
906,mint,61372356926,461600000000,461598732575,1,executed,461598732575,61372356926
907,burn,7735283554,461600000000,461656570131,2,executed,461656570131,-7735283554
908,mint,2375420,461600000000,461794552597,5,executed,461794552597,2375420
909,burn,5629032789,461600000000,461478101479,3,executed,461478101479,-5629032789
910,mint,92063136,461600000000,461662232363,2,executed,461662232363,92063136
911,burn,38239873,461600000000,461752493580,4,executed,461752493580,-38239873
912,mint,465417938,461600000000,461397022993,5,executed,461397022993,465417938
913,burn,4353706,461600000000,461548918290,2,executed,461548918290,-4353706
914,mint,27110734230,461600000000,461586016132,1,executed,461586016132,27110734230
915,burn,6576974956,461600000000,461647047020,2,executed,461647047020,-6576974956
916,mint,20378587574,461600000000,461972964254,9,executed,461972964254,20378587574
917,burn,4969398,461600000000,461582701355,1,executed,461582701355,-4969398
918,mint,240485238,461600000000,461513984566,2,executed,461513984566,240485238
919,burn,3776611260,461600000000,461806169317,5,executed,461806169317,-3776611260
920,mint,1388212130,461600000000,461698177604,3,executed,461698177604,1388212130
921,burn,7814934,461600000000,461657917764,2,executed,461657917764,-7814934
922,mint,20329680,461600000000,461874689134,6,executed,461874689134,20329680
923,burn,37267855,461600000000,461909315192,7,executed,461909315192,-37267855
924,mint,485654342,461600000000,461485728207,3,executed,461485728207,485654342
925,burn,1059825,461600000000,461534663038,2,executed,461534663038,-1059825
926,mint,341208177,461600000000,461452846326,4,executed,461452846326,341208177
927,burn,4515776328,461600000000,461536007159,2,executed,461536007159,-4515776328
928,mint,17000116622,461600000000,461604741912,1,executed,461604741912,17000116622
929,burn,879605780,461600000000,461378053135,5,executed,461378053135,-879605780
930,mint,114586242,461600000000,461859978536,6,executed,461859978536,114586242
931,burn,10588185,461600000000,462158178038,13,executed,462158178038,-10588185
932,mint,41113529,461600000000,461590957557,1,executed,461590957557,41113529
933,burn,18898760611,461600000000,460726516882,19,executed,460726516882,-18898760611
934,mint,26383043,461600000000,461508120619,2,executed,461508120619,26383043
935,burn,5118920,461600000000,461523314654,2,executed,461523314654,-5118920
936,mint,14034139999,461600000000,461803862509,5,executed,461803862509,14034139999
937,burn,2221236616,461600000000,461875402172,6,executed,461875402172,-2221236616
938,mint,1524236480,461600000000,461878093010,7,executed,461878093010,1524236480
939,burn,668285393,461600000000,461660218288,2,executed,461660218288,-668285393
940,mint,97677667,461600000000,461500798640,3,executed,461500798640,97677667
941,burn,1734910974,461600000000,461781593385,4,executed,461781593385,-1734910974
942,mint,271006880,461600000000,461591633733,1,executed,461591633733,271006880
943,burn,55746491,461600000000,461402198698,5,executed,461402198698,-55746491
944,mint,744921271,461600000000,461934948095,8,executed,461934948095,744921271
945,burn,1196941,461600000000,461598867273,1,executed,461598867273,-1196941
946,mint,333085620,461600000000,460913483227,15,executed,460913483227,333085620
947,burn,29476541,461600000000,461486970832,3,executed,461486970832,-29476541
948,mint,306441653,461600000000,461173345411,10,executed,461173345411,306441653
949,burn,76925265,461600000000,461633381492,1,executed,461633381492,-76925265
950,mint,4394194,461600000000,461651681166,2,executed,461651681166,4394194
951,burn,73637761643,461600000000,461922547430,7,executed,461922547430,-73637761643
952,mint,23231630,461600000000,461394506288,5,executed,461394506288,23231630
953,burn,36899285,461600000000,461489111630,3,executed,461489111630,-36899285
954,mint,6640877,461600000000,461682111661,2,executed,461682111661,6640877
955,burn,10032382345,461600000000,461622865539,1,executed,461622865539,-10032382345
956,mint,13488026517,461600000000,461669785488,2,executed,461669785488,13488026517
957,burn,2876687,461600000000,461398242155,5,executed,461398242155,-2876687
958,mint,11371482132,461600000000,461878287014,7,executed,461878287014,11371482132
959,burn,1006386072,461600000000,461804016285,5,executed,461804016285,-1006386072
960,mint,54325998089,461600000000,461316633268,7,executed,461316633268,54325998089
961,burn,8153440,461600000000,462128710051,12,executed,462128710051,-8153440
962,mint,8538413,461600000000,461587594003,1,executed,461587594003,8538413
963,burn,3389794,461600000000,461634657967,1,executed,461634657967,-3389794
964,mint,5474408045,461600000000,461536676560,2,executed,461536676560,5474408045
965,burn,3411632,461600000000,461528543056,2,executed,461528543056,-3411632
966,mint,5018456,461600000000,462045499502,10,executed,462045499502,5018456
967,burn,23681600,461600000000,461790668051,5,executed,461790668051,-23681600
968,mint,23257462888,461600000000,461514923088,2,executed,461514923088,23257462888
969,burn,1225805,461600000000,461614816189,1,executed,461614816189,-1225805
970,mint,2543625550,461600000000,461399016338,5,executed,461399016338,2543625550
971,burn,5559986,461600000000,461881688118,7,executed,461881688118,-5559986
972,mint,9928949432,461600000000,461710116057,3,executed,461710116057,9928949432
973,burn,12161297080,461600000000,461336775369,6,executed,461336775369,-12161297080
974,mint,1472831,461600000000,461359912485,6,executed,461359912485,1472831
975,burn,17629853493,461600000000,461800952978,5,executed,461800952978,-17629853493
976,mint,10795942,461600000000,461287914121,7,executed,461287914121,10795942
977,burn,33510770,461600000000,461429089309,4,executed,461429089309,-33510770
978,mint,11092520,461600000000,461850977261,6,executed,461850977261,11092520
979,burn,19137901976,461600000000,461245180870,8,executed,461245180870,-19137901976
980,mint,23582725,461600000000,461627616109,1,executed,461627616109,23582725
981,burn,1894322628,461600000000,461430259963,4,executed,461430259963,-1894322628
982,mint,9252342207,461600000000,461805770192,5,executed,461805770192,9252342207
983,burn,2074956,461600000000,461989019055,9,executed,461989019055,-2074956
984,mint,90354066,461600000000,461668528219,2,executed,461668528219,90354066
985,burn,6379853189,461600000000,461668191318,2,executed,461668191318,-6379853189
986,mint,42858799,461600000000,461433433000,4,executed,461433433000,42858799
987,burn,1877466,461600000000,461228307492,9,executed,461228307492,-1877466
988,mint,6735644900,461600000000,461469543472,3,executed,461469543472,6735644900
989,burn,49525765898,461600000000,461529678259,2,executed,461529678259,-49525765898
990,mint,592414475,461600000000,462184225077,13,executed,462184225077,592414475
991,burn,6194334497,461600000000,461335067875,6,executed,461335067875,-6194334497
992,mint,55155854307,461600000000,461657575455,2,executed,461657575455,55155854307
993,burn,2581122485,461600000000,461514708189,2,executed,461514708189,-2581122485
994,mint,10078279431,461600000000,461662703102,2,executed,461662703102,10078279431
995,burn,965966240,461600000000,461731644115,3,executed,461731644115,-965966240
996,mint,119989669,461600000000,461706852306,3,executed,461706852306,119989669
997,burn,45587691612,461600000000,461562252594,1,executed,461562252594,-45587691612
998,mint,525552067,461600000000,461453940410,4,executed,461453940410,525552067
999,burn,298085866,461600000000,461282547777,7,executed,461282547777,-298085866
